building_id,upgrade,service,power_col,timeseries_file,timeseries_format,has_timeseries_file,has_power_col,has_metadata_device,expected_rows,on_threshold_kw,n_rows,total_minutes,total_hours,total_on_minutes,total_off_minutes,duty_cycle,n_on_events,n_off_events,n_switching_events,mean_on_duration_minutes,max_on_duration_minutes,mean_off_duration_minutes,max_off_duration_minutes,total_energy_kwh,avg_kw,peak_kw,read_status,read_error,element_type,equipment_type,fuel,service_type_from_metadata,device_type,analysis_class,heating_capacity_tons,cooling_capacity_tons,representative_capacity_kw_thermal,backup_fuel,backup_system_type,backup_heating_capacity_tons,compressor_type,diagnostic_flag,is_complete_month,include_in_device_population,include_in_active_operation_plots,include_in_ols_candidate_pool,include_in_plotting,device_key,daily_rows,active_day_share,median_daily_energy_kwh,median_daily_peak_kw,median_daily_duty_cycle,median_daily_kwh_per_ton,median_daily_peak_kw_per_ton,stable_on_day_count,median_switches_per_on_hour_10min
103580,up02,cooling,HVAC Cooling Electric Power (kW),/mnt/datasets/resstock_2024/cosimulation/103580/up02/simulation_results_august/ochre.parquet,parquet,True,True,True,43200,0.3,43200.0,43200.0,720.0,2730.0,40470.0,0.0631944444444444,20.0,21.0,40.0,136.5,466.0,1927.142857142857,11345.0,40.045941597120176,0.0556193633293335,1.4143855843024975,ok,,HeatPump,air-to-air,electricity,heating_and_cooling,air_source_heat_pump,air_source_heat_pump,5.385166666666667,5.385166666666667,18.93883666037345,,,5.149,variable speed,normal,True,True,True,True,True,103580__up02,30,0.4,0.578835671188487,0.2234050529711485,0.0,0.1074870485943153,0.0414852625368107,12,0.8857173984094129
105857,up02,cooling,HVAC Cooling Electric Power (kW),/mnt/datasets/resstock_2024/cosimulation/105857/up02/simulation_results_august/ochre.parquet,parquet,True,True,True,43200,0.3,43200.0,43200.0,720.0,4113.0,39087.0,0.0952083333333333,19.0,20.0,38.0,216.47368421052636,596.0,1954.35,11210.0,60.2301043143094,0.083652922658763,1.6455756470050844,ok,,HeatPump,air-to-air,electricity,heating_and_cooling,air_source_heat_pump,air_source_heat_pump,6.424916666666666,6.424916666666666,22.59548400975106,,,6.143083333333333,variable speed,normal,True,True,True,True,True,105857__up02,30,0.43333333333333335,1.1116501197407143,0.28334232565975026,0.0,0.1730217180104615,0.0441005448568334,13,0.6557377049180328
107871,up02,cooling,HVAC Cooling Electric Power (kW),/mnt/datasets/resstock_2024/cosimulation/107871/up02/simulation_results_august/ochre.parquet,parquet,True,True,True,43200,0.3,43200.0,43200.0,720.0,8850.0,34350.0,0.2048611111111111,26.0,27.0,52.0,340.38461538461536,666.0,1272.2222222222222,6921.0,126.86325916033124,0.1761989710560156,2.2670524732558097,ok,,HeatPump,air-to-air,electricity,heating_and_cooling,air_source_heat_pump,air_source_heat_pump,6.932916666666666,6.932916666666666,24.38204506143062,,,6.628916666666667,variable speed,normal,True,True,True,True,True,107871__up02,30,0.7,3.3436279453535365,0.6348604639895592,0.23715277777777777,0.4822830139340397,0.09157191619538085,21,0.3133159268929503
109455,up02,cooling,HVAC Cooling Electric Power (kW),/mnt/datasets/resstock_2024/cosimulation/109455/up02/simulation_results_august/ochre.parquet,parquet,True,True,True,43200,0.3,43200.0,43200.0,720.0,10706.0,32494.0,0.247824074074074,25.0,26.0,50.0,428.24,696.0,1249.7692307692307,6867.0,207.6084767767549,0.2883451066343819,3.560994284670941,ok,,HeatPump,air-to-air,electricity,heating_and_cooling,air_source_heat_pump,air_source_heat_pump,6.8661666666666665,6.8661666666666665,24.147295159462885,,,6.565083333333333,variable speed,normal,True,True,True,True,True,109455__up02,30,0.7666666666666667,6.529297467081717,1.1811879419292048,0.28680555555555554,0.9509378062113819,0.17203018791599456,23,0.2464065708418891
112184,up02,cooling,HVAC Cooling Electric Power (kW),/mnt/datasets/resstock_2024/cosimulation/112184/up02/simulation_results_august/ochre.parquet,parquet,True,True,True,43200,0.3,43200.0,43200.0,720.0,3234.0,39966.0,0.0748611111111111,21.0,22.0,42.0,154.0,450.0,1816.636363636364,11228.0,45.36139176194218,0.0630019330026974,1.485853944884135,ok,,HeatPump,air-to-air,electricity,heating_and_cooling,air_source_heat_pump,air_source_heat_pump,6.290916666666667,6.290916666666667,22.12422577958361,,,6.015,variable speed,normal,True,True,True,True,True,112184__up02,30,0.5,0.7456443094684129,0.34267015938195533,0.014930555555555499,0.1185271318914963,0.05447062447952025,15,0.7920792079207921
116047,up01,cooling,HVAC Cooling Electric Power (kW),/mnt/datasets/resstock_2024/cosimulation/116047/up01/simulation_results_august/ochre.parquet,parquet,True,True,True,43200,0.3,43200.0,43200.0,720.0,19079.0,24121.0,0.4416435185185185,30.0,31.0,60.0,635.9666666666667,992.0,778.0967741935484,3853.0,511.12588019874687,0.7098970558315929,3.860200891280246,ok,,HeatPump,mini-split,electricity,heating_and_cooling,air_source_heat_pump,air_source_heat_pump,6.936833333333333,6.936833333333333,24.395819400247703,,,5.41575,variable speed,normal,True,True,True,True,True,116047__up01,30,0.8666666666666667,17.714613716532817,2.574094603937243,0.49930555555555556,2.5537032339251073,0.37107632261655066,26,0.1779526866590449
116047,up02,cooling,HVAC Cooling Electric Power (kW),/mnt/datasets/resstock_2024/cosimulation/116047/up02/simulation_results_august/ochre.parquet,parquet,True,True,True,43200,0.3,43200.0,43200.0,720.0,18742.0,24458.0,0.4338425925925926,30.0,31.0,60.0,624.7333333333333,976.0,788.9677419354839,3882.0,436.37006835640494,0.6060695393838957,3.075921766822477,ok,,HeatPump,mini-split,electricity,heating_and_cooling,air_source_heat_pump,air_source_heat_pump,5.664083333333333,5.664083333333333,19.919745426772977,,,5.41575,variable speed,normal,True,True,True,True,True,116047__up02,30,0.8666666666666667,16.18889062605176,2.359774576542587,0.4909722222222222,2.8581660391152015,0.4166207376673342,26,0.18504779569125404
120602,up02,cooling,HVAC Cooling Electric Power (kW),/mnt/datasets/resstock_2024/cosimulation/120602/up02/simulation_results_august/ochre.parquet,parquet,True,True,True,43200,0.3,43200.0,43200.0,720.0,8196.0,35004.0,0.1897222222222222,30.0,31.0,60.0,273.2,649.0,1129.1612903225807,7015.0,122.59856905595656,0.1702757903554952,2.4044493728990712,ok,,HeatPump,air-to-air,electricity,heating_and_cooling,air_source_heat_pump,air_source_heat_pump,6.2019166666666665,6.2019166666666665,21.811225910293302,,,5.929916666666666,variable speed,normal,True,True,True,True,True,120602__up02,30,0.6666666666666666,3.4712001013656293,0.7379897032084732,0.2409722222222222,0.5596979591844935,0.11899381157037035,20,0.3236006018447851
124087,up02,cooling,HVAC Cooling Electric Power (kW),/mnt/datasets/resstock_2024/cosimulation/124087/up02/simulation_results_august/ochre.parquet,parquet,True,True,True,43200,0.3,43200.0,43200.0,720.0,11510.0,31690.0,0.2664351851851851,29.0,30.0,58.0,396.8965517241379,818.0,1056.3333333333333,6839.0,182.1968214624232,0.2530511409200322,3.137916253163813,ok,,HeatPump,air-to-air,electricity,heating_and_cooling,air_source_heat_pump,air_source_heat_pump,5.8795,5.8795,20.67733406171256,,,5.621583333333334,variable speed,normal,True,True,True,True,True,124087__up02,30,0.8,5.10090703897102,0.6982864662289487,0.30833333333333335,0.8675749704857589,0.11876630091486495,24,0.24543572369659322
127954,up02,cooling,HVAC Cooling Electric Power (kW),/mnt/datasets/resstock_2024/cosimulation/127954/up02/simulation_results_august/ochre.parquet,parquet,True,True,True,43200,0.3,43200.0,43200.0,720.0,10995.0,32205.0,0.2545138888888889,27.0,28.0,54.0,407.22222222222223,732.0,1150.178571428571,6870.0,177.41785823840456,0.2464136919977841,3.1009269738753558,ok,,HeatPump,air-to-air,electricity,heating_and_cooling,air_source_heat_pump,air_source_heat_pump,6.289083333333333,6.289083333333333,22.11777821673307,,,6.013333333333334,variable speed,normal,True,True,True,True,True,127954__up02,30,0.7666666666666667,5.009616440424491,0.8887199143030915,0.3163194444444444,0.7965574909577957,0.14131151826096933,23,0.2521008403361344
128668,up01,cooling,HVAC Cooling Electric Power (kW),/mnt/datasets/resstock_2024/cosimulation/128668/up01/simulation_results_august/ochre.parquet,parquet,True,True,True,43200,0.3,43200.0,43200.0,720.0,12589.0,30611.0,0.291412037037037,27.0,28.0,54.0,466.2592592592592,742.0,1093.25,5491.0,339.2364791297684,0.4711617765691227,3.7897514993446015,ok,,HeatPump,mini-split,electricity,heating_and_cooling,air_source_heat_pump,air_source_heat_pump,6.727083333333334,6.727083333333334,23.6581595959371,,,5.251916666666666,variable speed,normal,True,True,True,True,True,128668__up01,30,0.8333333333333334,11.883057209628166,2.1564023223597366,0.34131944444444445,1.766450127166776,0.32055531580448227,25,0.233009708737864
128668,up02,cooling,HVAC Cooling Electric Power (kW),/mnt/datasets/resstock_2024/cosimulation/128668/up02/simulation_results_august/ochre.parquet,parquet,True,True,True,43200,0.3,43200.0,43200.0,720.0,12455.0,30745.0,0.2883101851851852,28.0,29.0,56.0,444.82142857142856,742.0,1060.1724137931035,5510.0,291.7352345192458,0.4051878257211747,2.735792117873678,ok,,HeatPump,mini-split,electricity,heating_and_cooling,air_source_heat_pump,air_source_heat_pump,5.4928333333333335,5.4928333333333335,19.31748444232392,,,5.251916666666666,variable speed,normal,True,True,True,True,True,128668__up02,30,0.8333333333333334,10.788581940257952,1.972988702634817,0.33854166666666663,1.9641196602102047,0.35919325836116456,25,0.2366863905325444
1398,up02,cooling,HVAC Cooling Electric Power (kW),/mnt/datasets/resstock_2024/cosimulation/1398/up02/simulation_results_august/ochre.parquet,parquet,True,True,True,43200,0.3,43200.0,43200.0,720.0,13297.0,29903.0,0.3078009259259259,34.0,35.0,68.0,391.0882352941176,793.0,854.3714285714286,6774.0,188.74269285471263,0.2621426289648786,2.7871930750352307,ok,,HeatPump,air-to-air,electricity,heating_and_cooling,air_source_heat_pump,air_source_heat_pump,5.508083333333333,5.508083333333333,19.37111644239894,,,5.2665,variable speed,normal,True,True,True,True,True,1398__up02,30,0.8,6.03345514957379,0.8956646146042395,0.35,1.0953819658212245,0.16260912560707555,24,0.2129562561017856
142737,up02,cooling,HVAC Cooling Electric Power (kW),/mnt/datasets/resstock_2024/cosimulation/142737/up02/simulation_results_august/ochre.parquet,parquet,True,True,True,43200,0.3,43200.0,43200.0,720.0,1796.0,41404.0,0.041574074074074,11.0,12.0,22.0,163.27272727272728,504.0,3450.333333333333,12700.0,29.775328563893133,0.0413546230054071,1.4995798288176638,ok,,HeatPump,air-to-air,electricity,heating_and_cooling,air_source_heat_pump,air_source_heat_pump,7.3985,7.3985,26.01943295443156,,,7.074,variable speed,normal,True,True,True,True,True,142737__up02,30,0.23333333333333334,0.26922985781196196,0.05,0.0,0.036389789526520444,0.0067581266472933,7,0.7563025210084033
143728,up02,cooling,HVAC Cooling Electric Power (kW),/mnt/datasets/resstock_2024/cosimulation/143728/up02/simulation_results_august/ochre.parquet,parquet,True,True,True,43200,0.3,43200.0,43200.0,720.0,10422.0,32778.0,0.24125,28.0,29.0,56.0,372.2142857142857,759.0,1130.2758620689656,8231.0,215.01833057639803,0.2986365702449972,4.0045625058805,ok,,HeatPump,air-to-air,electricity,heating_and_cooling,air_source_heat_pump,air_source_heat_pump,8.303833333333333,8.303833333333333,29.20335671844841,,,7.939583333333333,variable speed,normal,True,True,True,True,True,143728__up02,30,0.7,5.829536085463202,1.1296137007704479,0.28298611111111105,0.7020295147377558,0.13603520873136277,21,0.2672605790645879
151864,up01,cooling,HVAC Cooling Electric Power (kW),/mnt/datasets/resstock_2024/cosimulation/151864/up01/simulation_results_august/ochre.parquet,parquet,True,True,True,43200,0.3,43200.0,43200.0,720.0,2878.0,40322.0,0.0666203703703703,110.0,111.0,220.0,26.163636363636364,60.0,363.26126126126127,8419.0,206.4130784027917,0.2866848311149885,4.85613952956847,ok,,HeatPump,air-to-air,electricity,heating_and_cooling,air_source_heat_pump,air_source_heat_pump,5.828083333333334,5.828083333333334,20.496509230858507,,,9.82025,single stage,normal,True,True,True,True,True,151864__up01,30,0.6666666666666666,5.102205888899999,4.069115009194418,0.050347222222222196,0.8754517732645091,0.6981909448551269,20,5.37433155080214
151864,up02,cooling,HVAC Cooling Electric Power (kW),/mnt/datasets/resstock_2024/cosimulation/151864/up02/simulation_results_august/ochre.parquet,parquet,True,True,True,43200,0.3,43200.0,43200.0,720.0,9501.0,33699.0,0.2199305555555555,22.0,23.0,44.0,431.8636363636364,664.0,1465.1739130434785,6931.0,202.45219193993532,0.2811835999165769,3.741551603180605,ok,,HeatPump,air-to-air,electricity,heating_and_cooling,air_source_heat_pump,air_source_heat_pump,10.270666666666669,10.270666666666669,36.12041937293348,,,9.82025,variable speed,normal,True,True,True,True,True,151864__up02,30,0.7333333333333333,6.2804537611994515,1.2132605072810312,0.25520833333333326,0.6114942646890287,0.11812870056611355,22,0.2635385327470493
152328,up01,cooling,HVAC Cooling Electric Power (kW),/mnt/datasets/resstock_2024/cosimulation/152328/up01/simulation_results_august/ochre.parquet,parquet,True,True,True,43200,0.3,43200.0,43200.0,720.0,6671.0,36529.0,0.1544212962962963,25.0,26.0,50.0,266.84,579.0,1404.9615384615386,7017.0,118.67086678531524,0.1648206483129378,2.5823292834650715,ok,,HeatPump,mini-split,electricity,heating_and_cooling,air_source_heat_pump,air_source_heat_pump,5.4718333333333335,5.4718333333333335,19.24363054058125,,,4.272,variable speed,normal,True,True,True,True,True,152328__up01,30,0.6666666666666666,3.117076417145902,1.1614670257197042,0.17743055555555548,0.5696585088140906,0.21226286602047523,20,0.4000177785679363
152657,up02,cooling,HVAC Cooling Electric Power (kW),/mnt/datasets/resstock_2024/cosimulation/152657/up02/simulation_results_august/ochre.parquet,parquet,True,True,True,43200,0.3,43200.0,43200.0,720.0,8994.0,34206.0,0.2081944444444444,31.0,32.0,62.0,290.1290322580645,694.0,1068.9375,6946.0,140.73378484517866,0.1954635900627481,2.8613186831906665,ok,,HeatPump,air-to-air,electricity,heating_and_cooling,air_source_heat_pump,air_source_heat_pump,8.535833333333333,8.535833333333333,30.0192664900816,,,8.1615,variable speed,normal,True,True,True,True,True,152657__up02,30,0.7666666666666667,3.7733264132862914,0.7779459881685686,0.23576388888888883,0.4420571801174997,0.09113884465510905,23,0.3609022556390977
156244,up02,cooling,HVAC Cooling Electric Power (kW),/mnt/datasets/resstock_2024/cosimulation/156244/up02/simulation_results_august/ochre.parquet,parquet,True,True,True,43200,0.3,43200.0,43200.0,720.0,11592.0,31608.0,0.2683333333333333,32.0,33.0,64.0,362.25,701.0,957.818181818182,6799.0,171.4430857705726,0.238115396903573,2.5146675864661203,ok,,HeatPump,air-to-air,electricity,heating_and_cooling,air_source_heat_pump,air_source_heat_pump,5.430666666666666,5.430666666666666,19.09885344748255,,,5.1925,variable speed,normal,True,True,True,True,True,156244__up02,30,0.8,5.410317550632994,0.8170068348986648,0.321875,0.9962529248649021,0.15044319326638805,24,0.23347098835294688
156329,up01,cooling,HVAC Cooling Electric Power (kW),/mnt/datasets/resstock_2024/cosimulation/156329/up01/simulation_results_august/ochre.parquet,parquet,True,True,True,43200,0.3,43200.0,43200.0,720.0,8948.0,34252.0,0.2071296296296296,25.0,26.0,50.0,357.92,680.0,1317.3846153846157,6913.0,197.694692079686,0.274575961221786,3.724917325765719,ok,,HeatPump,mini-split,electricity,heating_and_cooling,air_source_heat_pump,air_source_heat_pump,6.853916666666667,6.853916666666667,24.104213716779665,,,5.3509166666666665,variable speed,normal,True,True,True,True,True,156329__up01,30,0.7,5.080412617285947,1.2368941324131546,0.24166666666666664,0.7412422508715377,0.1804653007277816,21,0.303030303030303
156329,up02,cooling,HVAC Cooling Electric Power (kW),/mnt/datasets/resstock_2024/cosimulation/156329/up02/simulation_results_august/ochre.parquet,parquet,True,True,True,43200,0.3,43200.0,43200.0,720.0,8778.0,34422.0,0.2031944444444444,27.0,28.0,54.0,325.1111111111111,674.0,1229.357142857143,6913.0,176.96857138898974,0.2457896824847079,2.814174641135029,ok,,HeatPump,mini-split,electricity,heating_and_cooling,air_source_heat_pump,air_source_heat_pump,5.596416666666666,5.596416666666666,19.681771743379965,,,5.3509166666666665,variable speed,normal,True,True,True,True,True,156329__up02,30,0.7,4.568226868631724,1.1148890469546144,0.23715277777777774,0.816277118149719,0.19921480357156174,21,0.3076923076923077
157639,up02,cooling,HVAC Cooling Electric Power (kW),/mnt/datasets/resstock_2024/cosimulation/157639/up02/simulation_results_august/ochre.parquet,parquet,True,True,True,43200,0.3,43200.0,43200.0,720.0,6596.0,36604.0,0.1526851851851851,25.0,26.0,50.0,263.84,614.0,1407.8461538461538,8388.0,95.938725270295,0.1332482295420764,2.268434465609767,ok,,HeatPump,air-to-air,electricity,heating_and_cooling,air_source_heat_pump,air_source_heat_pump,5.45975,5.45975,19.20113523997536,,,5.22025,variable speed,normal,True,True,True,True,True,157639__up02,30,0.6666666666666666,2.382450307637826,0.4953654573545712,0.16840277777777773,0.43636619032699775,0.09073042856441615,20,0.3687361232118265
157872,up01,cooling,HVAC Cooling Electric Power (kW),/mnt/datasets/resstock_2024/cosimulation/157872/up01/simulation_results_august/ochre.parquet,parquet,True,True,True,43200,0.3,43200.0,43200.0,720.0,8825.0,34375.0,0.2042824074074074,27.0,28.0,54.0,326.85185185185185,664.0,1227.678571428571,6982.0,245.86231116113933,0.3414754321682491,4.594373564425076,ok,,HeatPump,mini-split,electricity,heating_and_cooling,air_source_heat_pump,air_source_heat_pump,8.125166666666667,8.125166666666667,28.57501241155849,,,6.343416666666666,variable speed,normal,True,True,True,True,True,157872__up01,30,0.7333333333333333,6.71811116140052,1.5694456209642111,0.2305555555555555,0.8268274900700113,0.19315857573763134,22,0.3572185711257154
157872,up02,cooling,HVAC Cooling Electric Power (kW),/mnt/datasets/resstock_2024/cosimulation/157872/up02/simulation_results_august/ochre.parquet,parquet,True,True,True,43200,0.3,43200.0,43200.0,720.0,8687.0,34513.0,0.2010879629629629,24.0,25.0,48.0,361.9583333333333,658.0,1380.52,6989.0,217.87766733638955,0.302607871300541,3.340632949670819,ok,,HeatPump,mini-split,electricity,heating_and_cooling,air_source_heat_pump,air_source_heat_pump,6.634416666666667,6.634416666666667,23.33226460094568,,,6.343416666666666,variable speed,normal,True,True,True,True,True,157872__up02,30,0.7333333333333333,6.071178897353876,1.4237712283936768,0.2274305555555555,0.9151036485027133,0.21460383028807,22,0.32400139542996687
157914,up00,cooling,HVAC Cooling Electric Power (kW),/mnt/datasets/resstock_2024/cosimulation/157914/up00/simulation_results_august/ochre.parquet,parquet,True,True,True,43200,0.3,43200.0,43200.0,720.0,4347.0,38853.0,0.100625,124.0,125.0,248.0,35.056451612903224,316.0,310.824,7144.0,381.97511005295513,0.5305209861846599,6.050265250535725,ok,,CoolingSystem,central air conditioner,electricity,cooling,air_conditioner,cooling_system,,5.80675,20.421483044961203,,,,,normal,True,True,True,True,True,157914__up00,30,0.7333333333333333,11.379429915675228,5.079050462737363,0.09236111111111106,1.9596900014078837,0.874680408617103,22,4.285714285714286
157914,up01,cooling,HVAC Cooling Electric Power (kW),/mnt/datasets/resstock_2024/cosimulation/157914/up01/simulation_results_august/ochre.parquet,parquet,True,True,True,43200,0.3,43200.0,43200.0,720.0,3802.0,39398.0,0.0880092592592592,141.0,142.0,282.0,26.9645390070922,193.0,277.4507042253521,7106.0,300.09180935442515,0.4167941796589238,5.3756969992730586,ok,,HeatPump,air-to-air,electricity,heating_and_cooling,air_source_heat_pump,air_source_heat_pump,6.456583333333334,6.456583333333334,22.70685100444237,,,10.993,single stage,normal,True,True,True,True,True,157914__up01,30,0.7333333333333333,9.15889302705124,4.54165621842318,0.08263888888888885,1.4185355557585266,0.7034147913767363,22,5.335968379446641
157914,up02,cooling,HVAC Cooling Electric Power (kW),/mnt/datasets/resstock_2024/cosimulation/157914/up02/simulation_results_august/ochre.parquet,parquet,True,True,True,43200,0.3,43200.0,43200.0,720.0,11189.0,32011.0,0.2590046296296296,26.0,27.0,52.0,430.34615384615387,697.0,1185.5925925925926,6859.0,287.0894810762882,0.3987353903837336,5.4484568094693815,ok,,HeatPump,air-to-air,electricity,heating_and_cooling,air_source_heat_pump,air_source_heat_pump,11.49725,11.49725,40.43413199098983,,,10.993,variable speed,normal,True,True,True,True,True,157914__up02,30,0.8,9.18426157537727,1.6806262152470073,0.29513888888888884,0.7988224641003084,0.1461763652392535,24,0.24790005543000895
158653,up02,cooling,HVAC Cooling Electric Power (kW),/mnt/datasets/resstock_2024/cosimulation/158653/up02/simulation_results_august/ochre.parquet,parquet,True,True,True,43200,0.3,43200.0,43200.0,720.0,9526.0,33674.0,0.2205092592592592,31.0,32.0,62.0,307.2903225806452,672.0,1052.3125,6879.0,170.18377627573705,0.2363663559385237,3.4129085551312315,ok,,HeatPump,air-to-air,electricity,heating_and_cooling,air_source_heat_pump,air_source_heat_pump,7.562333333333333,7.562333333333333,26.595610616439764,,,7.230666666666667,variable speed,normal,True,True,True,True,True,158653__up02,30,0.7333333333333333,5.062549050931719,1.0294499941920305,0.27013888888888893,0.6694427272356485,0.13612861914647562,22,0.2663710273466371
163634,up02,cooling,HVAC Cooling Electric Power (kW),/mnt/datasets/resstock_2024/cosimulation/163634/up02/simulation_results_august/ochre.parquet,parquet,True,True,True,43200,0.3,43200.0,43200.0,720.0,14045.0,29155.0,0.3251157407407407,28.0,29.0,56.0,501.6071428571428,751.0,1005.3448275862067,4079.0,262.3921125722408,0.3644334896836678,3.524682267862306,ok,,HeatPump,air-to-air,electricity,heating_and_cooling,air_source_heat_pump,air_source_heat_pump,7.819166666666667,7.819166666666667,27.49885555759403,,,7.47625,variable speed,normal,True,True,True,True,True,163634__up02,30,0.8333333333333334,9.002382827222322,1.516318538931801,0.36979166666666663,1.151322539983671,0.19392329177428974,25,0.2037351443123939
16764,up02,cooling,HVAC Cooling Electric Power (kW),/mnt/datasets/resstock_2024/cosimulation/16764/up02/simulation_results_august/ochre.parquet,parquet,True,True,True,43200,0.3,43200.0,43200.0,720.0,4048.0,39152.0,0.0937037037037037,17.0,18.0,34.0,238.11764705882356,529.0,2175.1111111111118,8544.0,57.73994164232689,0.0801943633921206,1.9427826241395696,ok,,HeatPump,air-to-air,electricity,heating_and_cooling,air_source_heat_pump,air_source_heat_pump,6.580666666666667,6.580666666666667,23.14323378100912,,,6.292083333333333,variable speed,normal,True,True,True,True,True,16764__up02,30,0.5333333333333333,0.7904647037771197,0.35599808590209664,0.0256944444444444,0.12011924381173934,0.054097571558418045,16,0.6819270184848195
170264,up02,cooling,HVAC Cooling Electric Power (kW),/mnt/datasets/resstock_2024/cosimulation/170264/up02/simulation_results_august/ochre.parquet,parquet,True,True,True,43200,0.3,43200.0,43200.0,720.0,6054.0,37146.0,0.1401388888888889,24.0,25.0,48.0,252.25,575.0,1485.84,8435.0,107.74052877279436,0.1496396232955477,3.0816565437147885,ok,,HeatPump,air-to-air,electricity,heating_and_cooling,air_source_heat_pump,air_source_heat_pump,8.00625,8.00625,28.15680003938875,,,7.655166666666666,variable speed,normal,True,True,True,True,True,170264__up02,30,0.6333333333333333,2.074232160446405,0.7333767294729554,0.1375,0.25907661644919966,0.0916005282714073,19,0.3908794788273615
176538,up02,cooling,HVAC Cooling Electric Power (kW),/mnt/datasets/resstock_2024/cosimulation/176538/up02/simulation_results_august/ochre.parquet,parquet,True,True,True,43200,0.3,43200.0,43200.0,720.0,2615.0,40585.0,0.0605324074074074,13.0,14.0,26.0,201.15384615384616,430.0,2898.928571428572,11370.0,46.048623083978285,0.0639564209499698,2.2708328663515167,ok,,HeatPump,air-to-air,electricity,heating_and_cooling,air_source_heat_pump,air_source_heat_pump,9.146416666666669,9.146416666666669,32.166597990353274,,,8.74525,variable speed,normal,True,True,True,True,True,176538__up02,30,0.36666666666666664,0.40302843509235337,0.05,0.0,0.0440640799321067,0.005466621718888,11,0.48
177375,up02,cooling,HVAC Cooling Electric Power (kW),/mnt/datasets/resstock_2024/cosimulation/177375/up02/simulation_results_august/ochre.parquet,parquet,True,True,True,43200,0.3,43200.0,43200.0,720.0,3275.0,39925.0,0.0758101851851851,18.0,19.0,36.0,181.94444444444449,488.0,2101.315789473684,11266.0,47.766888103606846,0.0663429001438984,1.5339392737288984,ok,,HeatPump,air-to-air,electricity,heating_and_cooling,air_source_heat_pump,air_source_heat_pump,6.208916666666667,6.208916666666667,21.835843877540853,,,5.9366666666666665,variable speed,normal,True,True,True,True,True,177375__up02,30,0.4,0.6981580921793824,0.257935907597978,0.0,0.1124444294650514,0.04154282001926975,12,0.3821656050955413
177442,up02,cooling,HVAC Cooling Electric Power (kW),/mnt/datasets/resstock_2024/cosimulation/177442/up02/simulation_results_august/ochre.parquet,parquet,True,True,True,43200,0.3,43200.0,43200.0,720.0,17540.0,25660.0,0.4060185185185185,39.0,40.0,78.0,449.7435897435897,948.0,641.5,3975.0,271.8615075181117,0.3775854271084884,2.870211876957078,ok,,HeatPump,air-to-air,electricity,heating_and_cooling,air_source_heat_pump,air_source_heat_pump,5.357666666666667,5.357666666666667,18.84212321761521,,,5.12275,variable speed,normal,True,True,True,True,True,177442__up02,30,0.8333333333333334,9.323943669975296,1.0672006101135962,0.4732638888888888,1.7402993224616368,0.19919130407147315,25,0.1944894651539708
178534,up02,cooling,HVAC Cooling Electric Power (kW),/mnt/datasets/resstock_2024/cosimulation/178534/up02/simulation_results_august/ochre.parquet,parquet,True,True,True,43200,0.3,43200.0,43200.0,720.0,14910.0,28290.0,0.3451388888888889,30.0,31.0,60.0,497.0,816.0,912.5806451612904,4076.0,270.70519281379023,0.3759794344635975,3.280840574982988,ok,,HeatPump,air-to-air,electricity,heating_and_cooling,air_source_heat_pump,air_source_heat_pump,5.634083333333334,5.634083333333334,19.814239852854893,,,5.387,variable speed,normal,True,True,True,True,True,178534__up02,30,0.8333333333333334,9.025580020174875,1.5702887724640981,0.40104166666666663,1.601960689288386,0.2787123795584785,25,0.1983471074380165
180961,up02,cooling,HVAC Cooling Electric Power (kW),/mnt/datasets/resstock_2024/cosimulation/180961/up02/simulation_results_august/ochre.parquet,parquet,True,True,True,43200,0.3,43200.0,43200.0,720.0,9293.0,33907.0,0.2151157407407407,24.0,25.0,48.0,387.2083333333333,672.0,1356.28,6886.0,150.43536715754928,0.2089380099410407,2.8090469544657712,ok,,HeatPump,air-to-air,electricity,heating_and_cooling,air_source_heat_pump,air_source_heat_pump,6.94725,6.94725,24.432453280080374,,,6.6425833333333335,variable speed,normal,True,True,True,True,True,180961__up02,30,0.7,4.37266471573069,0.85362963260517,0.2618055555555555,0.6294094376524078,0.1228730263924819,21,0.2884615384615384
183343,up02,cooling,HVAC Cooling Electric Power (kW),/mnt/datasets/resstock_2024/cosimulation/183343/up02/simulation_results_august/ochre.parquet,parquet,True,True,True,43200,0.3,43200.0,43200.0,720.0,13182.0,30018.0,0.3051388888888889,32.0,33.0,64.0,411.9375,773.0,909.6363636363636,6753.0,248.47364994064856,0.3451022915842341,4.2817980689538055,ok,,HeatPump,air-to-air,electricity,heating_and_cooling,air_source_heat_pump,air_source_heat_pump,10.68775,10.68775,37.58723992143352,,,10.219,variable speed,normal,True,True,True,True,True,183343__up02,30,0.8,6.9469681693785805,1.1646004994466885,0.3503472222222222,0.6499935130760526,0.1089659188741024,24,0.24169797084046635
185403,up01,cooling,HVAC Cooling Electric Power (kW),/mnt/datasets/resstock_2024/cosimulation/185403/up01/simulation_results_august/ochre.parquet,parquet,True,True,True,43200,0.3,43200.0,43200.0,720.0,2191.0,41009.0,0.0507175925925925,102.0,103.0,204.0,21.480392156862745,46.0,398.1456310679612,9959.0,203.6225226304675,0.2828090592089826,6.329122126560284,ok,,HeatPump,air-to-air,electricity,heating_and_cooling,air_source_heat_pump,air_source_heat_pump,7.605416666666667,7.605416666666667,26.74712834342768,,,9.247,single stage,normal,True,True,True,True,True,185403__up01,30,0.6333333333333333,3.928114442480271,5.284559479158256,0.03055555555555555,0.5164890517697173,0.6948415465939743,19,6.315789473684211
185403,up02,cooling,HVAC Cooling Electric Power (kW),/mnt/datasets/resstock_2024/cosimulation/185403/up02/simulation_results_august/ochre.parquet,parquet,True,True,True,43200,0.3,43200.0,43200.0,720.0,8950.0,34250.0,0.2071759259259259,23.0,24.0,46.0,389.1304347826087,680.0,1427.0833333333333,8307.0,202.1577242034883,0.2807746169492893,4.939160645087408,ok,,HeatPump,air-to-air,electricity,heating_and_cooling,air_source_heat_pump,air_source_heat_pump,9.671166666666666,9.671166666666666,34.01206632080377,,,9.247,variable speed,normal,True,True,True,True,True,185403__up02,30,0.7,4.506459292490128,1.065209572188567,0.23993055555555554,0.46596852766713365,0.11014282029281885,21,0.2515723270440251
188085,up02,cooling,HVAC Cooling Electric Power (kW),/mnt/datasets/resstock_2024/cosimulation/188085/up02/simulation_results_august/ochre.parquet,parquet,True,True,True,43200,0.3,43200.0,43200.0,720.0,10707.0,32493.0,0.2478472222222222,26.0,27.0,52.0,411.8076923076923,745.0,1203.4444444444443,6938.0,161.23952678069813,0.223943787195414,2.48674528792203,ok,,HeatPump,air-to-air,electricity,heating_and_cooling,air_source_heat_pump,air_source_heat_pump,6.4815,6.4815,22.794479245002115,,,6.19725,variable speed,normal,True,True,True,True,True,188085__up02,30,0.7333333333333333,5.040406068057099,0.8823705122978847,0.26388888888888884,0.7776604286132993,0.1361367757923142,22,0.2543103448275862
188144,up02,cooling,HVAC Cooling Electric Power (kW),/mnt/datasets/resstock_2024/cosimulation/188144/up02/simulation_results_august/ochre.parquet,parquet,True,True,True,43200,0.3,43200.0,43200.0,720.0,12446.0,30754.0,0.2881018518518518,30.0,31.0,60.0,414.8666666666667,787.0,992.0645161290324,6780.0,196.0916146166798,0.2723494647453886,2.872895614012285,ok,,HeatPump,air-to-air,electricity,heating_and_cooling,air_source_heat_pump,air_source_heat_pump,6.670083333333333,6.670083333333333,23.45769900549274,,,6.3775,variable speed,normal,True,True,True,True,True,188144__up02,30,0.8,6.217372689624567,1.0273287478077648,0.34097222222222223,0.9321281877474645,0.15402037672809155,24,0.23490652773521295
192800,up01,cooling,HVAC Cooling Electric Power (kW),/mnt/datasets/resstock_2024/cosimulation/192800/up01/simulation_results_august/ochre.parquet,parquet,True,True,True,43200,0.3,43200.0,43200.0,720.0,15207.0,27993.0,0.3520138888888889,32.0,33.0,64.0,475.21875,840.0,848.2727272727273,4016.0,387.6578748684795,0.5384137150951104,3.1945691992878067,ok,,HeatPump,mini-split,electricity,heating_and_cooling,air_source_heat_pump,air_source_heat_pump,5.725333333333333,5.725333333333333,20.135152640189062,,,4.469833333333334,variable speed,normal,True,True,True,True,True,192800__up01,30,0.8666666666666667,14.020325049746376,2.4033232481272675,0.4048611111111111,2.4488224935514165,0.419770013063682,26,0.20342723166568977
201561,up02,cooling,HVAC Cooling Electric Power (kW),/mnt/datasets/resstock_2024/cosimulation/201561/up02/simulation_results_august/ochre.parquet,parquet,True,True,True,43200,0.3,43200.0,43200.0,720.0,5810.0,37390.0,0.1344907407407407,28.0,29.0,56.0,207.5,568.0,1289.3103448275865,8454.0,78.75464930884152,0.109381457373391,1.5764258257014905,ok,,HeatPump,air-to-air,electricity,heating_and_cooling,air_source_heat_pump,air_source_heat_pump,6.0585,6.0585,21.306850652757124,,,5.792833333333333,variable speed,normal,True,True,True,True,True,201561__up02,30,0.7,2.042353422832014,0.42623364564131716,0.10798611111111106,0.33710545891425503,0.0703529991980386,21,0.5
202943,up00,cooling,HVAC Cooling Electric Power (kW),/mnt/datasets/resstock_2024/cosimulation/202943/up00/simulation_results_august/ochre.parquet,parquet,True,True,True,43200,0.3,43200.0,43200.0,720.0,653.0,42547.0,0.0151157407407407,35.0,36.0,70.0,18.65714285714286,35.0,1181.861111111111,11371.0,57.28017375440277,0.0795557968811149,5.2917977034715165,ok,,HeatPump,air-to-air,electricity,heating_and_cooling,air_source_heat_pump,air_source_heat_pump,5.061583333333333,5.061583333333333,17.800841817251452,,,8.6515,single stage,normal,True,True,True,True,True,202943__up00,30,0.26666666666666666,0.25,0.05,0.0,0.0493916593951168,0.0098783318790233,8,6.9707865168539325
202943,up01,cooling,HVAC Cooling Electric Power (kW),/mnt/datasets/resstock_2024/cosimulation/202943/up01/simulation_results_august/ochre.parquet,parquet,True,True,True,43200,0.3,43200.0,43200.0,720.0,633.0,42567.0,0.0146527777777777,34.0,35.0,68.0,18.61764705882353,33.0,1216.2,12814.0,45.70851276033741,0.0634840455004686,4.24954515405857,ok,,HeatPump,air-to-air,electricity,heating_and_cooling,air_source_heat_pump,air_source_heat_pump,5.061583333333333,5.061583333333333,17.800841817251452,,,8.6515,single stage,normal,True,True,True,True,True,202943__up01,30,0.26666666666666666,0.25,0.05,0.0,0.0493916593951168,0.0098783318790233,8,7.009090909090909
202943,up02,cooling,HVAC Cooling Electric Power (kW),/mnt/datasets/resstock_2024/cosimulation/202943/up02/simulation_results_august/ochre.parquet,parquet,True,True,True,43200,0.3,43200.0,43200.0,720.0,3369.0,39831.0,0.0779861111111111,16.0,17.0,32.0,210.5625,457.0,2343.0,11297.0,59.20433876085119,0.0822282482789599,2.6270039153854308,ok,,HeatPump,air-to-air,electricity,heating_and_cooling,air_source_heat_pump,air_source_heat_pump,9.048333333333334,9.048333333333334,31.82165337784887,,,8.6515,variable speed,normal,True,True,True,True,True,202943__up02,30,0.5,0.557930421900988,0.31983302268680225,0.0097222222222222,0.06166112601595,0.0353471750989282,15,0.5687203791469194
204882,up02,cooling,HVAC Cooling Electric Power (kW),/mnt/datasets/resstock_2024/cosimulation/204882/up02/simulation_results_august/ochre.parquet,parquet,True,True,True,43200,0.3,43200.0,43200.0,720.0,12931.0,30269.0,0.2993287037037037,32.0,33.0,64.0,404.09375,780.0,917.2424242424242,6819.0,208.92074873050043,0.2901677065701395,3.4400800660874955,ok,,HeatPump,air-to-air,electricity,heating_and_cooling,air_source_heat_pump,air_source_heat_pump,6.554583333333333,6.554583333333333,23.051502545908114,,,6.267083333333333,variable speed,normal,True,True,True,True,True,204882__up02,30,0.8,6.486213457349033,1.0117102366396677,0.36493055555555554,0.9895691499356479,0.15435157128823357,24,0.24055843923393588
205750,up02,cooling,HVAC Cooling Electric Power (kW),/mnt/datasets/resstock_2024/cosimulation/205750/up02/simulation_results_august/ochre.parquet,parquet,True,True,True,43200,0.3,43200.0,43200.0,720.0,15344.0,27856.0,0.3551851851851851,31.0,32.0,62.0,494.96774193548384,811.0,870.5,3984.0,293.81163912959954,0.4080717210133326,4.255096833512456,ok,,HeatPump,air-to-air,electricity,heating_and_cooling,air_source_heat_pump,air_source_heat_pump,7.385916666666667,7.385916666666667,25.975179227593696,,,7.062,variable speed,normal,True,True,True,True,True,205750__up02,30,0.8666666666666667,8.998465803454275,1.4850684092549897,0.44027777777777777,1.2183275562890108,0.20106758257336454,26,0.1863394473955156
207233,up02,cooling,HVAC Cooling Electric Power (kW),/mnt/datasets/resstock_2024/cosimulation/207233/up02/simulation_results_august/ochre.parquet,parquet,True,True,True,43200,0.3,43200.0,43200.0,720.0,8904.0,34296.0,0.2061111111111111,29.0,30.0,58.0,307.0344827586207,683.0,1143.2,8312.0,128.81548185878356,0.1789103914705327,2.47514930584394,ok,,HeatPump,air-to-air,electricity,heating_and_cooling,air_source_heat_pump,air_source_heat_pump,5.1353333333333335,5.1353333333333335,18.06020968646674,,,4.910166666666667,variable speed,normal,True,True,True,True,True,207233__up02,30,0.6666666666666666,3.5035485362913246,0.6546687251361163,0.2288194444444444,0.6822436459089948,0.12748319975388475,20,0.36413606668168497
207676,up02,cooling,HVAC Cooling Electric Power (kW),/mnt/datasets/resstock_2024/cosimulation/207676/up02/simulation_results_august/ochre.parquet,parquet,True,True,True,43200,0.3,43200.0,43200.0,720.0,7447.0,35753.0,0.1723842592592592,27.0,28.0,54.0,275.81481481481484,628.0,1276.892857142857,7003.0,103.89311882343536,0.1442959983658824,2.4568335833613704,ok,,HeatPump,air-to-air,electricity,heating_and_cooling,air_source_heat_pump,air_source_heat_pump,6.413666666666667,6.413666666666667,22.55591941953178,,,6.132416666666667,variable speed,normal,True,True,True,True,True,207676__up02,30,0.6666666666666666,2.7096940078855125,0.6596015195780653,0.18958333333333333,0.4224875018791402,0.1028431245119378,20,0.4133309821900899
207888,up02,cooling,HVAC Cooling Electric Power (kW),/mnt/datasets/resstock_2024/cosimulation/207888/up02/simulation_results_august/ochre.parquet,parquet,True,True,True,43200,0.3,43200.0,43200.0,720.0,7977.0,35223.0,0.1846527777777777,27.0,28.0,54.0,295.44444444444446,651.0,1257.9642857142858,6938.0,114.20276609798232,0.1586149529138643,2.165588462923499,ok,,HeatPump,air-to-air,electricity,heating_and_cooling,air_source_heat_pump,air_source_heat_pump,5.25075,5.25075,18.466113075012707,,,5.020416666666667,variable speed,normal,True,True,True,True,True,207888__up02,30,0.7,3.0547250814791607,0.6056820610241371,0.22083333333333333,0.5817692865741391,0.1153515328332404,21,0.3351955307262569
209052,up01,cooling,HVAC Cooling Electric Power (kW),/mnt/datasets/resstock_2024/cosimulation/209052/up01/simulation_results_august/ochre.parquet,parquet,True,True,True,43200,0.3,43200.0,43200.0,720.0,5938.0,37262.0,0.1374537037037037,144.0,145.0,288.0,41.23611111111112,330.0,256.9793103448276,6913.0,380.9842188007283,0.5291447483343449,4.443113938568243,ok,,HeatPump,air-to-air,electricity,heating_and_cooling,air_source_heat_pump,air_source_heat_pump,5.34625,5.34625,18.801972485318608,,,9.233666666666666,single stage,normal,True,True,True,True,True,209052__up01,30,0.8,13.160153921120052,3.736415937790599,0.14513888888888885,2.4615672520215197,0.6988853753173905,24,3.372827804107425
209052,up02,cooling,HVAC Cooling Electric Power (kW),/mnt/datasets/resstock_2024/cosimulation/209052/up02/simulation_results_august/ochre.parquet,parquet,True,True,True,43200,0.3,43200.0,43200.0,720.0,13069.0,30131.0,0.3025231481481481,27.0,28.0,54.0,484.037037037037,765.0,1076.107142857143,5398.0,320.1585489593875,0.4446646513324826,5.051600085670238,ok,,HeatPump,air-to-air,electricity,heating_and_cooling,air_source_heat_pump,air_source_heat_pump,9.657166666666669,9.657166666666669,33.96283038630866,,,9.233666666666666,variable speed,normal,True,True,True,True,True,209052__up02,30,0.8333333333333334,10.397045130526664,1.8981918013233117,0.35,1.0766144449400266,0.19655783801218207,25,0.2214022140221402
21106,up01,cooling,HVAC Cooling Electric Power (kW),/mnt/datasets/resstock_2024/cosimulation/21106/up01/simulation_results_august/ochre.parquet,parquet,True,True,True,43200,0.3,43200.0,43200.0,720.0,14757.0,28443.0,0.3415972222222222,28.0,29.0,56.0,527.0357142857143,815.0,980.7931034482758,4054.0,463.43745173612575,0.6436631274112857,4.897497594260263,ok,,HeatPump,mini-split,electricity,heating_and_cooling,air_source_heat_pump,air_source_heat_pump,8.68225,8.68225,30.534192305009583,,,6.778333333333333,variable speed,normal,True,True,True,True,True,21106__up01,30,0.8666666666666667,15.347965750750038,2.5821275402552306,0.39374999999999993,1.7677405915229394,0.2974030395640796,26,0.20168295101138065
21106,up02,cooling,HVAC Cooling Electric Power (kW),/mnt/datasets/resstock_2024/cosimulation/21106/up02/simulation_results_august/ochre.parquet,parquet,True,True,True,43200,0.3,43200.0,43200.0,720.0,14557.0,28643.0,0.3369675925925925,27.0,28.0,54.0,539.1481481481482,806.0,1022.9642857142856,4063.0,401.2722890321834,0.5573226236558103,3.530031262880212,ok,,HeatPump,mini-split,electricity,heating_and_cooling,air_source_heat_pump,air_source_heat_pump,7.08925,7.08925,24.931846329959303,,,6.778333333333333,variable speed,normal,True,True,True,True,True,21106__up02,30,0.8666666666666667,13.904325508531684,2.3538667644066003,0.38993055555555556,1.961325317703803,0.3320332566077653,26,0.20408694520369644
213002,up01,cooling,HVAC Cooling Electric Power (kW),/mnt/datasets/resstock_2024/cosimulation/213002/up01/simulation_results_august/ochre.parquet,parquet,True,True,True,43200,0.3,43200.0,43200.0,720.0,5658.0,37542.0,0.1309722222222222,22.0,23.0,44.0,257.1818181818182,584.0,1632.2608695652175,8384.0,84.70291416925895,0.1176429363461929,2.51614189788499,ok,,HeatPump,mini-split,electricity,heating_and_cooling,air_source_heat_pump,air_source_heat_pump,5.030833333333334,5.030833333333334,17.692698603985416,,,3.927583333333333,variable speed,normal,True,True,True,True,True,213002__up01,30,0.6,1.602528435428136,0.5628048684305473,0.1256944444444444,0.3185413487682231,0.1118711018911142,18,0.5190697674418605
221268,up02,cooling,HVAC Cooling Electric Power (kW),/mnt/datasets/resstock_2024/cosimulation/221268/up02/simulation_results_august/ochre.parquet,parquet,True,True,True,43200,0.3,43200.0,43200.0,720.0,6926.0,36274.0,0.160324074074074,25.0,26.0,50.0,277.04,631.0,1395.1538461538462,7228.0,93.57473047093,0.1299649034318472,1.954732334739532,ok,,HeatPump,air-to-air,electricity,heating_and_cooling,air_source_heat_pump,air_source_heat_pump,6.727833333333334,6.727833333333334,23.66079723528505,,,6.432833333333333,variable speed,normal,True,True,True,True,True,221268__up02,30,0.7,2.6694325374664567,0.5783794443567845,0.16388888888888886,0.3967744748135541,0.0859681587965592,21,0.4332129963898917
22187,up02,cooling,HVAC Cooling Electric Power (kW),/mnt/datasets/resstock_2024/cosimulation/22187/up02/simulation_results_august/ochre.parquet,parquet,True,True,True,43200,0.3,43200.0,43200.0,720.0,10750.0,32450.0,0.2488425925925926,34.0,35.0,68.0,316.1764705882353,693.0,927.1428571428572,5440.0,175.474142803341,0.2437140872268625,2.8785309666061707,ok,,HeatPump,air-to-air,electricity,heating_and_cooling,air_source_heat_pump,air_source_heat_pump,5.525083333333333,5.525083333333333,19.430902934285854,,,5.28275,variable speed,normal,True,True,True,True,True,22187__up02,30,0.8333333333333334,5.158601157579584,1.0419289517161738,0.29166666666666663,0.9336693849407249,0.18858158128224434,25,0.3234501347708894
223047,up02,cooling,HVAC Cooling Electric Power (kW),/mnt/datasets/resstock_2024/cosimulation/223047/up02/simulation_results_august/ochre.parquet,parquet,True,True,True,43200,0.3,43200.0,43200.0,720.0,8039.0,35161.0,0.1860879629629629,23.0,24.0,46.0,349.5217391304348,640.0,1465.0416666666667,6988.0,144.7690451517485,0.2010681182663173,3.668986261314694,ok,,HeatPump,air-to-air,electricity,heating_and_cooling,air_source_heat_pump,air_source_heat_pump,8.450833333333334,8.450833333333334,29.720334030647027,,,8.08025,variable speed,normal,True,True,True,True,True,223047__up02,30,0.7,3.462673900031997,0.8706753263045226,0.22118055555555555,0.40974348486721196,0.10302833956862506,21,0.3519061583577712
2234,up00,cooling,HVAC Cooling Electric Power (kW),/mnt/datasets/resstock_2024/cosimulation/2234/up00/simulation_results_august/ochre.parquet,parquet,True,True,True,43200,0.3,43200.0,43200.0,720.0,3357.0,39843.0,0.0777083333333333,275.0,276.0,550.0,12.207272727272729,35.0,144.3586956521739,6905.0,359.192107443572,0.4988779270049611,7.500093425191558,ok,,CoolingSystem,central air conditioner,electricity,cooling,air_conditioner,cooling_system,,5.90525,20.76789301265892,,,,,normal,True,True,True,True,True,2234__up00,30,0.8,10.52439477588713,6.211524617717998,0.07256944444444441,1.7822098600206817,1.0518648012731042,24,10.628608780912952
2234,up01,cooling,HVAC Cooling Electric Power (kW),/mnt/datasets/resstock_2024/cosimulation/2234/up01/simulation_results_august/ochre.parquet,parquet,True,True,True,43200,0.3,43200.0,43200.0,720.0,3057.0,40143.0,0.0707638888888888,288.0,289.0,576.0,10.614583333333334,26.0,138.9031141868512,6928.0,240.79191905205332,0.3344332209056296,5.395813237615669,ok,,HeatPump,air-to-air,electricity,heating_and_cooling,air_source_heat_pump,air_source_heat_pump,6.472333333333333,6.472333333333333,22.762241430749366,,,7.34725,single stage,normal,True,True,True,True,True,2234__up01,30,0.8,7.346867203430553,4.55707935220453,0.06875,1.1351187933404572,0.7040860100228454,24,12.060606060606059
2234,up02,cooling,HVAC Cooling Electric Power (kW),/mnt/datasets/resstock_2024/cosimulation/2234/up02/simulation_results_august/ochre.parquet,parquet,True,True,True,43200,0.3,43200.0,43200.0,720.0,11878.0,31322.0,0.2749537037037037,30.0,31.0,60.0,395.9333333333333,736.0,1010.3870967741937,6840.0,208.3178091061619,0.2893302904252248,3.511324995013021,ok,,HeatPump,air-to-air,electricity,heating_and_cooling,air_source_heat_pump,air_source_heat_pump,7.68425,7.68425,27.02437354600131,,,7.34725,variable speed,normal,True,True,True,True,True,2234__up02,30,0.8,5.746985894444903,1.0389092573546401,0.3208333333333333,0.7478915827107269,0.13519982527307675,24,0.2407282209774
22445,up01,cooling,HVAC Cooling Electric Power (kW),/mnt/datasets/resstock_2024/cosimulation/22445/up01/simulation_results_august/ochre.parquet,parquet,True,True,True,43200,0.3,43200.0,43200.0,720.0,1123.0,42077.0,0.0259953703703703,49.0,50.0,98.0,22.918367346938776,48.0,841.54,11343.0,84.61179011173188,0.1175163751551831,4.892862201599285,ok,,HeatPump,air-to-air,electricity,heating_and_cooling,air_source_heat_pump,air_source_heat_pump,5.831583333333334,5.831583333333334,20.50881821448228,,,13.294416666666669,single stage,normal,True,True,True,True,True,22445__up01,30,0.5,1.2057363860969836,3.921746565707207,0.01041666666666665,0.2067596940962832,0.6725011616125764,15,5.2631578947368425
22445,up02,cooling,HVAC Cooling Electric Power (kW),/mnt/datasets/resstock_2024/cosimulation/22445/up02/simulation_results_august/ochre.parquet,parquet,True,True,True,43200,0.3,43200.0,43200.0,720.0,4880.0,38320.0,0.1129629629629629,21.0,22.0,42.0,232.3809523809524,505.0,1741.8181818181818,11162.0,96.36023867403657,0.1338336648250508,3.1369742764106805,ok,,HeatPump,air-to-air,electricity,heating_and_cooling,air_source_heat_pump,air_source_heat_pump,13.90425,13.90425,48.89919587168412,,,13.294416666666669,variable speed,normal,True,True,True,True,True,22445__up02,30,0.5666666666666667,1.5314942337424937,0.654663621338216,0.0930555555555555,0.11014576361490144,0.04708370615734145,17,0.5240174672489083
226667,up02,cooling,HVAC Cooling Electric Power (kW),/mnt/datasets/resstock_2024/cosimulation/226667/up02/simulation_results_august/ochre.parquet,parquet,True,True,True,43200,0.3,43200.0,43200.0,720.0,15338.0,27862.0,0.3550462962962963,30.0,31.0,60.0,511.26666666666665,823.0,898.7741935483871,3951.0,275.02880695701515,0.3819844541069654,3.4177592196796747,ok,,HeatPump,air-to-air,electricity,heating_and_cooling,air_source_heat_pump,air_source_heat_pump,5.837916666666667,5.837916666666667,20.531091613420543,,,5.581916666666666,variable speed,normal,True,True,True,True,True,226667__up02,30,0.8666666666666667,8.951073805414145,1.4629380806937917,0.39618055555555554,1.5332650869312645,0.25059249116159443,26,0.1897102897102897
229196,up01,cooling,HVAC Cooling Electric Power (kW),/mnt/datasets/resstock_2024/cosimulation/229196/up01/simulation_results_august/ochre.parquet,parquet,True,True,True,43200,0.3,43200.0,43200.0,720.0,12242.0,30958.0,0.2833796296296296,29.0,30.0,58.0,422.13793103448273,748.0,1031.9333333333334,6782.0,313.3635376904857,0.4352271356812301,4.399764567580562,ok,,HeatPump,mini-split,electricity,heating_and_cooling,air_source_heat_pump,air_source_heat_pump,7.777666666666667,7.777666666666667,27.35290618034068,,,6.0720833333333335,variable speed,normal,True,True,True,True,True,229196__up01,30,0.8,9.812306938350748,1.757903985405694,0.3315972222222222,1.2616003435071463,0.22601945554438263,24,0.23288032225275757
229196,up02,cooling,HVAC Cooling Electric Power (kW),/mnt/datasets/resstock_2024/cosimulation/229196/up02/simulation_results_august/ochre.parquet,parquet,True,True,True,43200,0.3,43200.0,43200.0,720.0,12067.0,31133.0,0.2793287037037037,24.0,25.0,48.0,502.7916666666667,741.0,1245.32,6789.0,278.6227025964911,0.3869759758284598,3.1950657147196257,ok,,HeatPump,mini-split,electricity,heating_and_cooling,air_source_heat_pump,air_source_heat_pump,6.350666666666666,6.350666666666666,22.334357714303803,,,6.0720833333333335,variable speed,normal,True,True,True,True,True,229196__up02,30,0.8,8.851037575696665,1.5900839722687965,0.32638888888888884,1.3937178630637204,0.25038063808557576,24,0.22509598751107546
229481,up01,cooling,HVAC Cooling Electric Power (kW),/mnt/datasets/resstock_2024/cosimulation/229481/up01/simulation_results_august/ochre.parquet,parquet,True,True,True,43200,0.3,43200.0,43200.0,720.0,17261.0,25939.0,0.3995601851851852,28.0,29.0,56.0,616.4642857142857,899.0,894.448275862069,3919.0,446.8630894866585,0.6206431798425813,3.412835728826667,ok,,HeatPump,mini-split,electricity,heating_and_cooling,air_source_heat_pump,air_source_heat_pump,6.05075,6.05075,21.27959504616162,,,4.723916666666667,variable speed,normal,True,True,True,True,True,229481__up01,30,0.8666666666666667,16.14451401738994,2.3638046897891845,0.4597222222222222,2.6681839470131705,0.39066308966478275,26,0.1883622388648009
230102,up02,cooling,HVAC Cooling Electric Power (kW),/mnt/datasets/resstock_2024/cosimulation/230102/up02/simulation_results_august/ochre.parquet,parquet,True,True,True,43200,0.3,43200.0,43200.0,720.0,12538.0,30662.0,0.2902314814814815,31.0,32.0,62.0,404.4516129032258,753.0,958.1875,5534.0,186.3575870250908,0.2588299819792928,2.730631431979586,ok,,HeatPump,air-to-air,electricity,heating_and_cooling,air_source_heat_pump,air_source_heat_pump,5.28375,5.28375,18.5821692063226,,,5.052083333333333,variable speed,normal,True,True,True,True,True,230102__up02,30,0.8333333333333334,5.645422242183965,0.8851119051118712,0.33715277777777775,1.0684499157196998,0.16751585618393583,25,0.2453987730061349
230471,up01,cooling,HVAC Cooling Electric Power (kW),/mnt/datasets/resstock_2024/cosimulation/230471/up01/simulation_results_august/ochre.parquet,parquet,True,True,True,43200,0.3,43200.0,43200.0,720.0,12140.0,31060.0,0.2810185185185185,29.0,30.0,58.0,418.6206896551725,727.0,1035.3333333333333,6822.0,246.8774946420513,0.3428854092250712,3.3898228080418176,ok,,HeatPump,mini-split,electricity,heating_and_cooling,air_source_heat_pump,air_source_heat_pump,5.997166666666667,5.997166666666667,21.091150368302376,,,4.682083333333333,variable speed,normal,True,True,True,True,True,230471__up01,30,0.8,7.696277574199942,1.4122727080262862,0.32534722222222223,1.283318940755347,0.23548998827662274,24,0.2290159663498624
231164,up02,cooling,HVAC Cooling Electric Power (kW),/mnt/datasets/resstock_2024/cosimulation/231164/up02/simulation_results_august/ochre.parquet,parquet,True,True,True,43200,0.3,43200.0,43200.0,720.0,11281.0,31919.0,0.2611342592592592,27.0,28.0,54.0,417.8148148148149,748.0,1139.9642857142858,6826.0,182.6148901665812,0.2536317918980294,2.986702045726576,ok,,HeatPump,air-to-air,electricity,heating_and_cooling,air_source_heat_pump,air_source_heat_pump,5.469333333333333,5.469333333333333,19.23483840942141,,,5.229416666666666,variable speed,normal,True,True,True,True,True,231164__up02,30,0.8,5.431099588637252,0.9419549261560618,0.30972222222222223,0.9930094323446952,0.1722248158500844,24,0.25189227248723817
231243,up01,cooling,HVAC Cooling Electric Power (kW),/mnt/datasets/resstock_2024/cosimulation/231243/up01/simulation_results_august/ochre.parquet,parquet,True,True,True,43200,0.3,43200.0,43200.0,720.0,592.0,42608.0,0.0137037037037037,147.0,148.0,294.0,4.0272108843537415,5.0,287.8918918918919,10076.0,49.16891200511866,0.0682901555626648,4.983907084273908,ok,,HeatPump,air-to-air,electricity,heating_and_cooling,air_source_heat_pump,air_source_heat_pump,5.9535,5.9535,20.93758114404383,,,5.76725,single stage,normal,True,True,True,True,True,231243__up01,30,0.4666666666666667,0.6890077637503522,4.163273224220441,0.0055555555555555,0.11573154677926464,0.699298433563524,14,30.0
231243,up02,cooling,HVAC Cooling Electric Power (kW),/mnt/datasets/resstock_2024/cosimulation/231243/up02/simulation_results_august/ochre.parquet,parquet,True,True,True,43200,0.3,43200.0,43200.0,720.0,3589.0,39611.0,0.0830787037037037,18.0,19.0,36.0,199.38888888888889,494.0,2084.7894736842104,11251.0,50.42207241130569,0.0700306561268134,1.3495882287261056,ok,,HeatPump,air-to-air,electricity,heating_and_cooling,air_source_heat_pump,air_source_heat_pump,6.031833333333333,6.031833333333333,21.21306792038549,,,5.76725,variable speed,normal,True,True,True,True,True,231243__up02,30,0.43333333333333335,0.9357071921337881,0.2354102993815194,0.0,0.15512815763042545,0.039027984755577755,13,0.5405405405405405
232941,up02,cooling,HVAC Cooling Electric Power (kW),/mnt/datasets/resstock_2024/cosimulation/232941/up02/simulation_results_august/ochre.parquet,parquet,True,True,True,43200,0.3,43200.0,43200.0,720.0,13584.0,29616.0,0.3144444444444444,43.0,44.0,86.0,315.90697674418607,902.0,673.0909090909091,5400.0,203.0838575881764,0.2820609133169117,2.5705511966037413,ok,,HeatPump,air-to-air,electricity,heating_and_cooling,air_source_heat_pump,air_source_heat_pump,5.503583333333333,5.503583333333333,19.35529060631123,,,5.26225,variable speed,normal,True,True,True,True,True,232941__up02,30,0.8333333333333334,6.410481044893652,1.1024822730515047,0.3458333333333333,1.164783134302255,0.20032081032990706,25,0.3088803088803089
235434,up02,cooling,HVAC Cooling Electric Power (kW),/mnt/datasets/resstock_2024/cosimulation/235434/up02/simulation_results_august/ochre.parquet,parquet,True,True,True,43200,0.3,43200.0,43200.0,720.0,5813.0,37387.0,0.1345601851851851,24.0,25.0,48.0,242.20833333333331,559.0,1495.48,8384.0,85.04641690097333,0.118120023473574,2.4613148176201345,ok,,HeatPump,air-to-air,electricity,heating_and_cooling,air_source_heat_pump,air_source_heat_pump,5.541666666666667,5.541666666666667,19.48922407097946,,,5.298583333333333,variable speed,normal,True,True,True,True,True,235434__up02,30,0.6333333333333333,2.0425035810066543,0.5506812528962772,0.13263888888888886,0.3685720747681181,0.0993710531542154,19,0.4444444444444444
238020,up00,cooling,HVAC Cooling Electric Power (kW),/mnt/datasets/resstock_2024/cosimulation/238020/up00/simulation_results_august/ochre.parquet,parquet,True,True,True,43200,0.3,43200.0,43200.0,720.0,7758.0,35442.0,0.1795833333333333,159.0,158.0,316.0,48.79245283018868,360.0,224.31645569620247,4116.0,467.3024914150348,0.6490312380764371,4.354015058960447,ok,,CoolingSystem,central air conditioner,electricity,cooling,air_conditioner,cooling_system,,5.2395,18.426548484793425,,,,,normal,True,True,True,True,True,238020__up00,30,0.9333333333333333,16.60400703839648,3.611145313541952,0.19687499999999997,3.169006019352321,0.6892156338471138,28,2.6747967479674797
238020,up01,cooling,HVAC Cooling Electric Power (kW),/mnt/datasets/resstock_2024/cosimulation/238020/up01/simulation_results_august/ochre.parquet,parquet,True,True,True,43200,0.3,43200.0,43200.0,720.0,5611.0,37589.0,0.1298842592592592,224.0,224.0,447.0,25.049107142857142,72.0,167.80803571428572,4197.0,458.30331648245,0.6365323840034027,5.875445476137759,ok,,HeatPump,air-to-air,electricity,heating_and_cooling,air_source_heat_pump,air_source_heat_pump,7.075166666666667,7.075166666666667,24.88231732442554,,,11.066,single stage,normal,True,True,True,True,True,238020__up01,30,0.9333333333333333,16.512059201705515,4.901022853984242,0.14166666666666666,2.3338049801001883,0.6927077600976526,28,4.736842105263158
238020,up02,cooling,HVAC Cooling Electric Power (kW),/mnt/datasets/resstock_2024/cosimulation/238020/up02/simulation_results_august/ochre.parquet,parquet,True,True,True,43200,0.3,43200.0,43200.0,720.0,13917.0,29283.0,0.3221527777777778,27.0,28.0,54.0,515.4444444444445,788.0,1045.821428571429,5312.0,336.6632866962533,0.4675878981892407,5.3582391386964,ok,,HeatPump,air-to-air,electricity,heating_and_cooling,air_source_heat_pump,air_source_heat_pump,11.573583333333334,11.573583333333334,40.70258506240362,,,11.066,variable speed,normal,True,True,True,True,True,238020__up02,30,0.8333333333333334,11.089381170195084,1.8211052426185645,0.36354166666666665,0.9581631592228061,0.15735016460922335,25,0.2051282051282051
239316,up02,cooling,HVAC Cooling Electric Power (kW),/mnt/datasets/resstock_2024/cosimulation/239316/up02/simulation_results_august/ochre.parquet,parquet,True,True,True,43200,0.3,43200.0,43200.0,720.0,6569.0,36631.0,0.1520601851851852,26.0,27.0,52.0,252.65384615384616,654.0,1356.7037037037037,8534.0,90.8137944469037,0.126130270065144,2.1840420669661644,ok,,HeatPump,air-to-air,electricity,heating_and_cooling,air_source_heat_pump,air_source_heat_pump,7.95025,7.95025,27.95985630140833,,,7.601583333333333,variable speed,normal,True,True,True,True,True,239316__up02,30,0.6333333333333333,1.9651944026794879,0.4057723853403447,0.11979166666666664,0.2471864913278812,0.05103894661681635,19,0.4848484848484848
240381,up01,cooling,HVAC Cooling Electric Power (kW),/mnt/datasets/resstock_2024/cosimulation/240381/up01/simulation_results_august/ochre.parquet,parquet,True,True,True,43200,0.3,43200.0,43200.0,720.0,12196.0,31004.0,0.2823148148148148,27.0,28.0,54.0,451.7037037037037,857.0,1107.2857142857142,6820.0,303.95426871837253,0.4221587065532952,4.945566652955923,ok,,HeatPump,mini-split,electricity,heating_and_cooling,air_source_heat_pump,air_source_heat_pump,8.74175,8.74175,30.74344502661378,,,6.82475,variable speed,normal,True,True,True,True,True,240381__up01,30,0.7666666666666667,9.110840347895182,1.8292213010672778,0.31423611111111105,1.0422215629473714,0.20925115692707724,23,0.2242990654205607
240381,up02,cooling,HVAC Cooling Electric Power (kW),/mnt/datasets/resstock_2024/cosimulation/240381/up02/simulation_results_august/ochre.parquet,parquet,True,True,True,43200,0.3,43200.0,43200.0,720.0,11955.0,31245.0,0.2767361111111111,25.0,26.0,50.0,478.2,848.0,1201.7307692307693,6831.0,271.9202266192776,0.3776669814156633,3.5833313309675137,ok,,HeatPump,mini-split,electricity,heating_and_cooling,air_source_heat_pump,air_source_heat_pump,7.137833333333333,7.137833333333333,25.10270674549887,,,6.82475,variable speed,normal,True,True,True,True,True,240381__up02,30,0.7666666666666667,8.215226863956254,1.6574815833239718,0.304861111111111,1.1509412563041428,0.23221074322142177,23,0.2294455066921606
242746,up02,cooling,HVAC Cooling Electric Power (kW),/mnt/datasets/resstock_2024/cosimulation/242746/up02/simulation_results_august/ochre.parquet,parquet,True,True,True,43200,0.3,43200.0,43200.0,720.0,13815.0,29385.0,0.3197916666666666,39.0,40.0,78.0,354.2307692307692,828.0,734.625,5245.0,208.1166170981766,0.2890508570808008,2.9426726330298183,ok,,HeatPump,air-to-air,electricity,heating_and_cooling,air_source_heat_pump,air_source_heat_pump,7.167083333333333,7.167083333333333,25.205574680069,,,6.85275,variable speed,normal,True,True,True,True,True,242746__up02,30,0.8333333333333334,7.092405734715646,1.0015735479060206,0.39166666666666666,0.9895804757466165,0.13974632375876106,25,0.2222222222222222
248643,up02,cooling,HVAC Cooling Electric Power (kW),/mnt/datasets/resstock_2024/cosimulation/248643/up02/simulation_results_august/ochre.parquet,parquet,True,True,True,43200,0.3,43200.0,43200.0,720.0,2928.0,40272.0,0.0677777777777777,15.0,16.0,30.0,195.2,437.0,2517.0,11320.0,49.05771816054549,0.0681357196674243,2.178479794739151,ok,,HeatPump,air-to-air,electricity,heating_and_cooling,air_source_heat_pump,air_source_heat_pump,6.77475,6.77475,23.825796230051388,,,6.4775833333333335,variable speed,normal,True,True,True,True,True,248643__up02,30,0.4,0.525,0.14021609394007065,0.0,0.0774936344514557,0.02069686614857675,12,0.5127272727272727
257107,up02,cooling,HVAC Cooling Electric Power (kW),/mnt/datasets/resstock_2024/cosimulation/257107/up02/simulation_results_august/ochre.parquet,parquet,True,True,True,43200,0.3,43200.0,43200.0,720.0,4362.0,38838.0,0.1009722222222222,28.0,29.0,56.0,155.78571428571428,569.0,1339.2413793103449,11288.0,61.58396580069194,0.0855332858342943,1.6270085420759883,ok,,HeatPump,air-to-air,electricity,heating_and_cooling,air_source_heat_pump,air_source_heat_pump,6.174,6.174,21.71304711234175,,,5.90325,variable speed,normal,True,True,True,True,True,257107__up02,30,0.5333333333333333,0.755480413500905,0.4092888936050645,0.01701388888888885,0.12236482240053526,0.06629233780451316,16,0.5586206896551724
259746,up02,cooling,HVAC Cooling Electric Power (kW),/mnt/datasets/resstock_2024/cosimulation/259746/up02/simulation_results_august/ochre.parquet,parquet,True,True,True,43200,0.3,43200.0,43200.0,720.0,7025.0,36175.0,0.1626157407407407,23.0,24.0,46.0,305.4347826086956,597.0,1507.2916666666667,8376.0,103.43654835733906,0.1436618727185264,2.801023162626768,ok,,HeatPump,air-to-air,electricity,heating_and_cooling,air_source_heat_pump,air_source_heat_pump,7.241166666666666,7.241166666666666,25.466114833438937,,,6.923583333333333,variable speed,normal,True,True,True,True,True,259746__up02,30,0.6333333333333333,2.714077755669968,0.6475996989444842,0.1819444444444444,0.3748122202688289,0.08943306082507199,19,0.409556313993174
260443,up02,cooling,HVAC Cooling Electric Power (kW),/mnt/datasets/resstock_2024/cosimulation/260443/up02/simulation_results_august/ochre.parquet,parquet,True,True,True,43200,0.3,43200.0,43200.0,720.0,11167.0,32033.0,0.2584953703703703,34.0,35.0,68.0,328.44117647058823,744.0,915.2285714285714,6807.0,166.20241289261375,0.2308366845730746,2.421287126278492,ok,,HeatPump,air-to-air,electricity,heating_and_cooling,air_source_heat_pump,air_source_heat_pump,5.008333333333334,5.008333333333334,17.613569423546853,,,4.788666666666667,variable speed,normal,True,True,True,True,True,260443__up02,30,0.8,5.176990637308519,0.8866538653620372,0.3052083333333333,1.03367533523631,0.17703571354982434,24,0.283689528748994
267479,up02,cooling,HVAC Cooling Electric Power (kW),/mnt/datasets/resstock_2024/cosimulation/267479/up02/simulation_results_august/ochre.parquet,parquet,True,True,True,43200,0.3,43200.0,43200.0,720.0,8721.0,34479.0,0.201875,24.0,25.0,48.0,363.375,648.0,1379.16,6928.0,143.61730809982546,0.1994684834719798,3.174907605038725,ok,,HeatPump,air-to-air,electricity,heating_and_cooling,air_source_heat_pump,air_source_heat_pump,7.976666666666667,7.976666666666667,28.05275982066397,,,7.626833333333333,variable speed,normal,True,True,True,True,True,267479__up02,30,0.7,3.4358473812153187,0.7440269423523111,0.22465277777777776,0.4307372396007504,0.09327542110559685,21,0.3015075376884422
267903,up02,cooling,HVAC Cooling Electric Power (kW),/mnt/datasets/resstock_2024/cosimulation/267903/up02/simulation_results_august/ochre.parquet,parquet,True,True,True,43200,0.3,43200.0,43200.0,720.0,9503.0,33697.0,0.2199768518518518,31.0,32.0,62.0,306.5483870967742,728.0,1053.03125,6905.0,148.29674006369848,0.2059676945329145,2.8403091665504445,ok,,HeatPump,air-to-air,electricity,heating_and_cooling,air_source_heat_pump,air_source_heat_pump,5.94625,5.94625,20.91208396368029,,,5.685416666666667,variable speed,normal,True,True,True,True,True,267903__up02,30,0.7666666666666667,4.088576006349483,0.7514327990944523,0.24930555555555556,0.6875889857220068,0.1263708722462816,23,0.3333333333333333
268435,up02,cooling,HVAC Cooling Electric Power (kW),/mnt/datasets/resstock_2024/cosimulation/268435/up02/simulation_results_august/ochre.parquet,parquet,True,True,True,43200,0.3,43200.0,43200.0,720.0,12291.0,30909.0,0.2845138888888889,40.0,41.0,80.0,307.275,791.0,753.8780487804878,5381.0,176.93231142331592,0.2457393214212721,2.4093878916278086,ok,,HeatPump,air-to-air,electricity,heating_and_cooling,air_source_heat_pump,air_source_heat_pump,5.706583333333334,5.706583333333334,20.069211656490264,,,5.456333333333333,variable speed,normal,True,True,True,True,True,268435__up02,30,0.8,5.449069602807981,0.8416278736933498,0.31284722222222217,0.954874271436437,0.1474836735980402,24,0.30459400334577275
274576,up02,cooling,HVAC Cooling Electric Power (kW),/mnt/datasets/resstock_2024/cosimulation/274576/up02/simulation_results_august/ochre.parquet,parquet,True,True,True,43200,0.3,43200.0,43200.0,720.0,8192.0,35008.0,0.1896296296296296,29.0,30.0,58.0,282.48275862068965,644.0,1166.9333333333334,6993.0,127.11319556887476,0.1765461049567705,2.7400800854073646,ok,,HeatPump,air-to-air,electricity,heating_and_cooling,air_source_heat_pump,air_source_heat_pump,6.851666666666667,6.851666666666667,24.09630079873581,,,6.551166666666667,variable speed,normal,True,True,True,True,True,274576__up02,30,0.7,3.057028451813828,0.6520639898660496,0.20972222222222214,0.44617296791250216,0.09516866794444895,21,0.3738317757009346
27678,up02,cooling,HVAC Cooling Electric Power (kW),/mnt/datasets/resstock_2024/cosimulation/27678/up02/simulation_results_august/ochre.parquet,parquet,True,True,True,43200,0.3,43200.0,43200.0,720.0,14540.0,28660.0,0.3365740740740741,28.0,29.0,56.0,519.2857142857143,778.0,988.2758620689656,4046.0,310.5855785756214,0.4313688591328075,4.268065636105063,ok,,HeatPump,air-to-air,electricity,heating_and_cooling,air_source_heat_pump,air_source_heat_pump,7.3935,7.3935,26.00184869211188,,,7.06925,variable speed,normal,True,True,True,True,True,27678__up02,30,0.8666666666666667,9.640400767399694,1.449851926109743,0.390625,1.3039021799417994,0.1960981843659623,26,0.2085220479002862
277991,up02,cooling,HVAC Cooling Electric Power (kW),/mnt/datasets/resstock_2024/cosimulation/277991/up02/simulation_results_august/ochre.parquet,parquet,True,True,True,43200,0.3,43200.0,43200.0,720.0,16771.0,26429.0,0.3882175925925926,28.0,29.0,56.0,598.9642857142857,970.0,911.3448275862067,5173.0,310.1842112725134,0.4308114045451575,3.604401193752716,ok,,HeatPump,air-to-air,electricity,heating_and_cooling,air_source_heat_pump,air_source_heat_pump,8.504666666666667,8.504666666666667,29.90965792162225,,,8.131666666666666,variable speed,normal,True,True,True,True,True,277991__up02,30,0.8333333333333334,10.42473508141047,1.5086974045146715,0.45625,1.2257664515258844,0.17739641818389956,25,0.1749271137026239
278224,up02,cooling,HVAC Cooling Electric Power (kW),/mnt/datasets/resstock_2024/cosimulation/278224/up02/simulation_results_august/ochre.parquet,parquet,True,True,True,43200,0.3,43200.0,43200.0,720.0,8349.0,34851.0,0.1932638888888889,30.0,31.0,60.0,278.3,645.0,1124.225806451613,6975.0,115.61197279333948,0.1605721844351937,2.1079885558375486,ok,,HeatPump,air-to-air,electricity,heating_and_cooling,air_source_heat_pump,air_source_heat_pump,5.499916666666667,5.499916666666667,19.34239548061013,,,5.258666666666667,variable speed,normal,True,True,True,True,True,278224__up02,30,0.7,3.297022448838618,0.5443392069455668,0.21701388888888884,0.5994677099056563,0.09897226447895875,21,0.3287671232876712
279517,up01,cooling,HVAC Cooling Electric Power (kW),/mnt/datasets/resstock_2024/cosimulation/279517/up01/simulation_results_august/ochre.parquet,parquet,True,True,True,43200,0.3,43200.0,43200.0,720.0,12046.0,31154.0,0.2788425925925926,26.0,27.0,52.0,463.3076923076923,731.0,1153.851851851852,6829.0,321.7275095989818,0.4468437633319191,4.967175974642871,ok,,HeatPump,mini-split,electricity,heating_and_cooling,air_source_heat_pump,air_source_heat_pump,8.788583333333333,8.788583333333333,30.90815095034145,,,6.8613333333333335,variable speed,normal,True,True,True,True,True,279517__up01,30,0.8,9.657188320231578,1.8659201915936663,0.3194444444444444,1.0988333334228964,0.21231182783653024,24,0.23738895628693302
279517,up02,cooling,HVAC Cooling Electric Power (kW),/mnt/datasets/resstock_2024/cosimulation/279517/up02/simulation_results_august/ochre.parquet,parquet,True,True,True,43200,0.3,43200.0,43200.0,720.0,11846.0,31354.0,0.2742129629629629,30.0,31.0,60.0,394.8666666666667,730.0,1011.4193548387096,6841.0,286.6179984054919,0.398080553340961,3.607647997880557,ok,,HeatPump,mini-split,electricity,heating_and_cooling,air_source_heat_pump,air_source_heat_pump,7.176083333333334,7.176083333333334,25.237226352244427,,,6.8613333333333335,variable speed,normal,True,True,True,True,True,279517__up02,30,0.8,8.693774301587558,1.6853526747747907,0.31770833333333337,1.2114929408922075,0.2348568984624561,24,0.2414486921529175
28297,up01,cooling,HVAC Cooling Electric Power (kW),/mnt/datasets/resstock_2024/cosimulation/28297/up01/simulation_results_august/ochre.parquet,parquet,True,True,True,43200,0.3,43200.0,43200.0,720.0,9655.0,33545.0,0.2234953703703703,29.0,30.0,58.0,332.9310344827586,686.0,1118.1666666666667,6867.0,202.4794661886781,0.2812214808176084,3.474015408015833,ok,,HeatPump,mini-split,electricity,heating_and_cooling,air_source_heat_pump,air_source_heat_pump,6.861083333333333,6.861083333333333,24.129417826104543,,,5.356583333333333,variable speed,normal,True,True,True,True,True,28297__up01,30,0.7333333333333333,5.6765391208013805,1.2685770786397557,0.26388888888888884,0.8273531809798813,0.18489457378787444,22,0.29763953774280794
28297,up02,cooling,HVAC Cooling Electric Power (kW),/mnt/datasets/resstock_2024/cosimulation/28297/up02/simulation_results_august/ochre.parquet,parquet,True,True,True,43200,0.3,43200.0,43200.0,720.0,9483.0,33717.0,0.2195138888888889,28.0,29.0,56.0,338.67857142857144,686.0,1162.655172413793,6888.0,181.83721360904372,0.2525516855681163,2.8217190085876527,ok,,HeatPump,mini-split,electricity,heating_and_cooling,air_source_heat_pump,air_source_heat_pump,5.60225,5.60225,19.70228671608626,,,5.356583333333333,variable speed,normal,True,True,True,True,True,28297__up02,30,0.7,5.104416757519262,1.1381193673833656,0.2618055555555555,0.9111369106197085,0.2031539769527182,21,0.3092783505154639
292676,up01,cooling,HVAC Cooling Electric Power (kW),/mnt/datasets/resstock_2024/cosimulation/292676/up01/simulation_results_august/ochre.parquet,parquet,True,True,True,43200,0.3,43200.0,43200.0,720.0,16349.0,26851.0,0.3784490740740741,35.0,36.0,70.0,467.1142857142857,855.0,745.8611111111111,4020.0,355.0592543070037,0.4931378532041718,3.2358805502374066,ok,,HeatPump,mini-split,electricity,heating_and_cooling,air_source_heat_pump,air_source_heat_pump,5.744916666666667,5.744916666666667,20.20402433427448,,,4.485083333333334,variable speed,normal,True,True,True,True,True,292676__up01,30,0.9,12.604249120117789,2.0147368022000354,0.44895833333333335,2.1939829333383636,0.3506990473665186,27,0.1948051948051948
29464,up02,cooling,HVAC Cooling Electric Power (kW),/mnt/datasets/resstock_2024/cosimulation/29464/up02/simulation_results_august/ochre.parquet,parquet,True,True,True,43200,0.3,43200.0,43200.0,720.0,10419.0,32781.0,0.2411805555555555,24.0,25.0,48.0,434.125,696.0,1311.24,6811.0,165.58457214419428,0.229978572422492,2.590949162823131,ok,,HeatPump,air-to-air,electricity,heating_and_cooling,air_source_heat_pump,air_source_heat_pump,6.875166666666667,6.875166666666667,24.17894683163831,,,6.573583333333334,variable speed,normal,True,True,True,True,True,29464__up02,30,0.7333333333333333,5.043428782554546,0.8476700028567641,0.29687499999999994,0.7335718575386603,0.1232944660042322,22,0.251869862832677
297782,up02,cooling,HVAC Cooling Electric Power (kW),/mnt/datasets/resstock_2024/cosimulation/297782/up02/simulation_results_august/ochre.parquet,parquet,True,True,True,43200,0.3,43200.0,43200.0,720.0,8850.0,34350.0,0.2048611111111111,26.0,27.0,52.0,340.38461538461536,675.0,1272.2222222222222,5599.0,124.55549545304824,0.1729937436847892,2.109642692532045,ok,,HeatPump,air-to-air,electricity,heating_and_cooling,air_source_heat_pump,air_source_heat_pump,5.6795,5.6795,19.973963568925328,,,5.430416666666667,variable speed,normal,True,True,True,True,True,297782__up02,30,0.7333333333333333,3.5455168005488344,0.6525009545470786,0.2319444444444444,0.6242656572847671,0.11488704191338645,22,0.3256930736823498
298895,up00,cooling,HVAC Cooling Electric Power (kW),/mnt/datasets/resstock_2024/cosimulation/298895/up00/simulation_results_august/ochre.parquet,parquet,True,True,True,43200,0.3,43200.0,43200.0,720.0,2196.0,41004.0,0.0508333333333333,330.0,331.0,660.0,6.654545454545454,13.0,123.87915407854985,6928.0,180.49560288303056,0.2506883373375424,5.580347259505997,ok,,CoolingSystem,central air conditioner,electricity,cooling,air_conditioner,cooling_system,,5.557,19.54314914209315,,,,,normal,True,True,True,True,True,298895__up00,30,0.7,5.469611264681972,4.643759039306332,0.050347222222222154,0.984274116372498,0.8356593556426725,21,18.947368421052637
298895,up01,cooling,HVAC Cooling Electric Power (kW),/mnt/datasets/resstock_2024/cosimulation/298895/up01/simulation_results_august/ochre.parquet,parquet,True,True,True,43200,0.3,43200.0,43200.0,720.0,2003.0,41197.0,0.0463657407407407,339.0,340.0,678.0,5.908554572271386,10.0,121.16764705882352,6919.0,152.95046246505024,0.2124311978681253,5.098521567027001,ok,,HeatPump,air-to-air,electricity,heating_and_cooling,air_source_heat_pump,air_source_heat_pump,6.115916666666666,6.115916666666666,21.5087765983948,,,7.626166666666666,single stage,normal,True,True,True,True,True,298895__up01,30,0.7,4.7905602235614015,4.303275290374575,0.0475694444444444,0.7832939009243207,0.7036190198320624,21,21.05263157894737
298895,up02,cooling,HVAC Cooling Electric Power (kW),/mnt/datasets/resstock_2024/cosimulation/298895/up02/simulation_results_august/ochre.parquet,parquet,True,True,True,43200,0.3,43200.0,43200.0,720.0,9274.0,33926.0,0.2146759259259259,25.0,26.0,50.0,370.96,660.0,1304.8461538461538,6895.0,144.8803939492711,0.2012227693739876,2.8760474762540107,ok,,HeatPump,air-to-air,electricity,heating_and_cooling,air_source_heat_pump,air_source_heat_pump,7.976,7.976,28.05041525235468,,,7.626166666666666,variable speed,normal,True,True,True,True,True,298895__up02,30,0.7333333333333333,4.242463085874225,0.8637918458259279,0.26319444444444445,0.5319035965238497,0.1082988773603219,22,0.28506136267456617
300618,up02,cooling,HVAC Cooling Electric Power (kW),/mnt/datasets/resstock_2024/cosimulation/300618/up02/simulation_results_august/ochre.parquet,parquet,True,True,True,43200,0.3,43200.0,43200.0,720.0,6092.0,37108.0,0.1410185185185185,24.0,25.0,48.0,253.83333333333331,583.0,1484.32,8405.0,86.70249842277087,0.1204201366982928,2.009586429139471,ok,,HeatPump,air-to-air,electricity,heating_and_cooling,air_source_heat_pump,air_source_heat_pump,6.054,6.054,21.291024816669413,,,5.7885,variable speed,normal,True,True,True,True,True,300618__up02,30,0.6666666666666666,2.083755113865162,0.5404899456940623,0.1447916666666666,0.344194766082782,0.08927815422762835,20,0.48105658922201866
303242,up02,cooling,HVAC Cooling Electric Power (kW),/mnt/datasets/resstock_2024/cosimulation/303242/up02/simulation_results_august/ochre.parquet,parquet,True,True,True,43200,0.3,43200.0,43200.0,720.0,7196.0,36004.0,0.166574074074074,24.0,25.0,48.0,299.8333333333333,637.0,1440.16,8324.0,107.15765627274938,0.1488300781565963,2.502070573383762,ok,,HeatPump,air-to-air,electricity,heating_and_cooling,air_source_heat_pump,air_source_heat_pump,6.9504166666666665,6.9504166666666665,24.443589979549504,,,6.645583333333334,variable speed,normal,True,True,True,True,True,303242__up02,30,0.6666666666666666,2.95007221781404,0.6245464774509741,0.17465277777777777,0.424445376341568,0.08985741537571715,20,0.3674673409186683
30445,up01,cooling,HVAC Cooling Electric Power (kW),/mnt/datasets/resstock_2024/cosimulation/30445/up01/simulation_results_august/ochre.parquet,parquet,True,True,True,43200,0.3,43200.0,43200.0,720.0,11922.0,31278.0,0.2759722222222222,27.0,28.0,54.0,441.55555555555554,749.0,1117.071428571429,6811.0,233.2639453442204,0.3239777018669728,3.4815385964695764,ok,,HeatPump,mini-split,electricity,heating_and_cooling,air_source_heat_pump,air_source_heat_pump,6.4025,6.4025,22.51664790035116,,,4.9985,variable speed,normal,True,True,True,True,True,30445__up01,30,0.8,6.974146042992417,1.2231177704615837,0.32256944444444435,1.0892848173357934,0.19103752760040354,24,0.2377580125627253
30445,up02,cooling,HVAC Cooling Electric Power (kW),/mnt/datasets/resstock_2024/cosimulation/30445/up02/simulation_results_august/ochre.parquet,parquet,True,True,True,43200,0.3,43200.0,43200.0,720.0,11660.0,31540.0,0.2699074074074074,27.0,28.0,54.0,431.8518518518519,749.0,1126.428571428571,6827.0,208.8690623180012,0.2900959198861128,2.635423613804163,ok,,HeatPump,mini-split,electricity,heating_and_cooling,air_source_heat_pump,air_source_heat_pump,5.22775,5.22775,18.38522546834217,,,4.9985,variable speed,normal,True,True,True,True,True,30445__up02,30,0.8,6.283612194378411,1.1048235439365586,0.31527777777777777,1.2019725875144012,0.2113382514344715,24,0.24436323862082676
30569,up02,cooling,HVAC Cooling Electric Power (kW),/mnt/datasets/resstock_2024/cosimulation/30569/up02/simulation_results_august/ochre.parquet,parquet,True,True,True,43200,0.3,43200.0,43200.0,720.0,4723.0,38477.0,0.1093287037037037,26.0,27.0,52.0,181.65384615384616,525.0,1425.074074074074,8472.0,77.7081372902648,0.1079279684587011,2.590523515110329,ok,,HeatPump,air-to-air,electricity,heating_and_cooling,air_source_heat_pump,air_source_heat_pump,9.682666666666666,9.682666666666666,34.05251012413903,,,9.258083333333332,variable speed,normal,True,True,True,True,True,30569__up02,30,0.6,1.3271595062641393,0.461276890071716,0.08263888888888885,0.13706549568963156,0.047639447473669355,18,0.5777696258253853
305989,up02,cooling,HVAC Cooling Electric Power (kW),/mnt/datasets/resstock_2024/cosimulation/305989/up02/simulation_results_august/ochre.parquet,parquet,True,True,True,43200,0.3,43200.0,43200.0,720.0,2587.0,40613.0,0.0598842592592592,15.0,16.0,30.0,172.46666666666667,560.0,2538.3125,19110.0,41.760373729265446,0.0580005190684242,1.6592629482721704,ok,,HeatPump,air-to-air,electricity,heating_and_cooling,air_source_heat_pump,air_source_heat_pump,5.086,5.086,17.886711631579225,,,4.862916666666667,variable speed,normal,True,True,True,True,True,305989__up02,30,0.3333333333333333,0.49446548439930954,0.05,0.0,0.097220897443828,0.0098309083759339,10,0.8503549181515283
307351,up00,cooling,HVAC Cooling Electric Power (kW),/mnt/datasets/resstock_2024/cosimulation/307351/up00/simulation_results_august/ochre.parquet,parquet,True,True,True,43200,0.3,43200.0,43200.0,720.0,5353.0,37847.0,0.123912037037037,322.0,323.0,644.0,16.624223602484474,64.0,117.17337461300308,4099.0,759.7421138754919,1.0551973803826276,10.041728883147746,ok,,CoolingSystem,central air conditioner,electricity,cooling,air_conditioner,cooling_system,,11.378833333333333,40.01767804505205,,,,,normal,True,True,True,True,True,307351__up00,30,0.8333333333333334,27.84940969398827,8.293573577768543,0.14166666666666666,2.447474963220155,0.7288597464094335,25,7.6190476190476195
307351,up01,cooling,HVAC Cooling Electric Power (kW),/mnt/datasets/resstock_2024/cosimulation/307351/up01/simulation_results_august/ochre.parquet,parquet,True,True,True,43200,0.3,43200.0,43200.0,720.0,4900.0,38300.0,0.1134259259259259,348.0,349.0,696.0,14.080459770114942,39.0,109.74212034383956,4094.0,719.6579109466946,0.9995248763148536,10.286834783205745,ok,,HeatPump,air-to-air,electricity,heating_and_cooling,air_source_heat_pump,air_source_heat_pump,12.388333333333334,12.388333333333334,43.56794060739559,,,15.544583333333334,single stage,normal,True,True,True,True,True,307351__up01,30,0.8333333333333334,26.45040113998357,8.58955897437322,0.13055555555555554,2.135105702137783,0.6933587225378626,25,8.965517241379311
307351,up02,cooling,HVAC Cooling Electric Power (kW),/mnt/datasets/resstock_2024/cosimulation/307351/up02/simulation_results_august/ochre.parquet,parquet,True,True,True,43200,0.3,43200.0,43200.0,720.0,15819.0,27381.0,0.3661805555555555,28.0,29.0,56.0,564.9642857142857,816.0,944.1724137931036,3970.0,657.9934166295596,0.9138797453188328,9.294158733158504,ok,,HeatPump,air-to-air,electricity,heating_and_cooling,air_source_heat_pump,air_source_heat_pump,16.257583333333333,16.257583333333333,57.17552200348052,,,15.544583333333334,variable speed,normal,True,True,True,True,True,307351__up02,30,0.9,22.19681115669242,3.855883596056984,0.4163194444444444,1.3653204600945665,0.237174462956691,27,0.1993355481727574
308256,up02,cooling,HVAC Cooling Electric Power (kW),/mnt/datasets/resstock_2024/cosimulation/308256/up02/simulation_results_august/ochre.parquet,parquet,True,True,True,43200,0.3,43200.0,43200.0,720.0,6598.0,36602.0,0.1527314814814814,28.0,29.0,56.0,235.64285714285717,537.0,1262.1379310344828,6931.0,87.90359009455312,0.1220883195757682,1.7823432171679403,ok,,HeatPump,air-to-air,electricity,heating_and_cooling,air_source_heat_pump,air_source_heat_pump,5.28975,5.28975,18.603270321106216,,,5.05775,variable speed,normal,True,True,True,True,True,308256__up02,30,0.6666666666666666,2.4882723543853,0.6147863527252044,0.1711805555555555,0.4703950762106527,0.1162221943806804,20,0.5216899283289325
312755,up02,cooling,HVAC Cooling Electric Power (kW),/mnt/datasets/resstock_2024/cosimulation/312755/up02/simulation_results_august/ochre.parquet,parquet,True,True,True,43200,0.3,43200.0,43200.0,720.0,16407.0,26793.0,0.3797916666666667,42.0,43.0,84.0,390.6428571428572,928.0,623.0930232558139,2925.0,215.97230731037124,0.2999615379310711,2.8782610135475246,ok,,HeatPump,air-to-air,electricity,heating_and_cooling,air_source_heat_pump,air_source_heat_pump,5.085916666666667,5.085916666666667,17.886418560540566,,,4.862833333333334,variable speed,normal,True,True,True,True,True,312755__up02,30,0.8333333333333334,7.165938784819543,0.8636262121187086,0.44756944444444446,1.408976838292581,0.1698073855159591,25,0.2285714285714285
315157,up02,cooling,HVAC Cooling Electric Power (kW),/mnt/datasets/resstock_2024/cosimulation/315157/up02/simulation_results_august/ochre.parquet,parquet,True,True,True,43200,0.3,43200.0,43200.0,720.0,2403.0,40797.0,0.055625,10.0,11.0,20.0,240.3,429.0,3708.818181818182,12673.0,39.0581522824517,0.0542474337256273,1.618335433764774,ok,,HeatPump,air-to-air,electricity,heating_and_cooling,air_source_heat_pump,air_source_heat_pump,5.570583333333333,5.570583333333333,19.59091972139495,,,5.32625,variable speed,normal,True,True,True,True,True,315157__up02,30,0.3333333333333333,0.525,0.1400563492328621,0.0,0.094245067093512,0.0251421333910922,10,0.4898810903911761
317091,up02,cooling,HVAC Cooling Electric Power (kW),/mnt/datasets/resstock_2024/cosimulation/317091/up02/simulation_results_august/ochre.parquet,parquet,True,True,True,43200,0.3,43200.0,43200.0,720.0,4484.0,38716.0,0.1037962962962963,22.0,23.0,44.0,203.8181818181818,493.0,1683.304347826087,11244.0,63.27478792087103,0.0878816498900986,1.901116315715213,ok,,HeatPump,air-to-air,electricity,heating_and_cooling,air_source_heat_pump,air_source_heat_pump,6.342833333333333,6.342833333333333,22.30680903666964,,,6.064666666666667,variable speed,normal,True,True,True,True,True,317091__up02,30,0.5333333333333333,1.2532577509829859,0.41103149712396647,0.06076388888888885,0.1975864231520591,0.0648025063127361,16,0.6195254021340978
319547,up02,cooling,HVAC Cooling Electric Power (kW),/mnt/datasets/resstock_2024/cosimulation/319547/up02/simulation_results_august/ochre.parquet,parquet,True,True,True,43200,0.3,43200.0,43200.0,720.0,6008.0,37192.0,0.139074074074074,20.0,21.0,40.0,300.4,547.0,1771.047619047619,8404.0,85.07912464398372,0.1181654508944218,2.1046701157526253,ok,,HeatPump,air-to-air,electricity,heating_and_cooling,air_source_heat_pump,air_source_heat_pump,6.24525,6.24525,21.9636228503972,,,5.971416666666666,variable speed,normal,True,True,True,True,True,319547__up02,30,0.6333333333333333,1.879760325904796,0.512676810795485,0.14479166666666665,0.30099040485245515,0.08209067864304626,19,0.4166666666666667
320179,up02,cooling,HVAC Cooling Electric Power (kW),/mnt/datasets/resstock_2024/cosimulation/320179/up02/simulation_results_august/ochre.parquet,parquet,True,True,True,43200,0.3,43200.0,43200.0,720.0,9199.0,34001.0,0.2129398148148148,36.0,37.0,72.0,255.52777777777777,741.0,918.945945945946,6855.0,124.63786989662094,0.1731081526341957,2.223391457072027,ok,,HeatPump,air-to-air,electricity,heating_and_cooling,air_source_heat_pump,air_source_heat_pump,6.013416666666667,6.013416666666667,21.14829922084133,,,5.749666666666666,variable speed,normal,True,True,True,True,True,320179__up02,30,0.7,3.2863408619017243,0.5865037513267625,0.22187499999999993,0.5465014390435372,0.0975325316434244,21,0.3550295857988165
320467,up02,cooling,HVAC Cooling Electric Power (kW),/mnt/datasets/resstock_2024/cosimulation/320467/up02/simulation_results_august/ochre.parquet,parquet,True,True,True,43200,0.3,43200.0,43200.0,720.0,10619.0,32581.0,0.2458101851851852,27.0,28.0,54.0,393.2962962962963,753.0,1163.607142857143,6866.0,175.2520046417465,0.2434055620024257,3.132719428562563,ok,,HeatPump,air-to-air,electricity,heating_and_cooling,air_source_heat_pump,air_source_heat_pump,7.1905,7.1905,25.28792764193284,,,6.875166666666667,variable speed,normal,True,True,True,True,True,320467__up02,30,0.8,4.724817536537362,0.9637979213759396,0.2725694444444444,0.657091653784488,0.13403767768248925,24,0.25078616352201255
325667,up02,cooling,HVAC Cooling Electric Power (kW),/mnt/datasets/resstock_2024/cosimulation/325667/up02/simulation_results_august/ochre.parquet,parquet,True,True,True,43200,0.3,43200.0,43200.0,720.0,15145.0,28055.0,0.3505787037037037,26.0,27.0,52.0,582.5,875.0,1039.074074074074,5498.0,220.66249042319265,0.3064756811433231,2.6134890796374908,ok,,HeatPump,air-to-air,electricity,heating_and_cooling,air_source_heat_pump,air_source_heat_pump,5.613,5.613,19.74009288007357,,,5.366833333333333,variable speed,normal,True,True,True,True,True,325667__up02,30,0.8333333333333334,7.429221795423866,0.8666841792930888,0.39583333333333326,1.3235741662967873,0.15440658815127178,25,0.1829268292682926
327739,up02,cooling,HVAC Cooling Electric Power (kW),/mnt/datasets/resstock_2024/cosimulation/327739/up02/simulation_results_august/ochre.parquet,parquet,True,True,True,43200,0.3,43200.0,43200.0,720.0,2853.0,40347.0,0.0660416666666666,16.0,17.0,32.0,178.3125,443.0,2373.3529411764707,11322.0,41.2731123605391,0.0573237671674154,1.3326787176067258,ok,,HeatPump,air-to-air,electricity,heating_and_cooling,air_source_heat_pump,air_source_heat_pump,5.1015,5.1015,17.941222844770238,,,4.87775,variable speed,normal,True,True,True,True,True,327739__up02,30,0.5,0.6799994154820798,0.2776537238217882,0.0052083333333333,0.1332940146000352,0.05442589901436595,15,0.4651162790697674
329090,up02,cooling,HVAC Cooling Electric Power (kW),/mnt/datasets/resstock_2024/cosimulation/329090/up02/simulation_results_august/ochre.parquet,parquet,True,True,True,43200,0.3,43200.0,43200.0,720.0,7197.0,36003.0,0.1665972222222222,23.0,24.0,46.0,312.9130434782609,654.0,1500.125,8355.0,99.59287301542987,0.1383234347436526,2.092510061836989,ok,,HeatPump,air-to-air,electricity,heating_and_cooling,air_source_heat_pump,air_source_heat_pump,5.684166666666667,5.684166666666667,19.990375547090363,,,5.434916666666667,variable speed,normal,True,True,True,True,True,329090__up02,30,0.6666666666666666,2.5397850994110236,0.5330155015041215,0.1753472222222222,0.44681749293259465,0.0937719691841292,20,0.33378411605606095
329459,up01,cooling,HVAC Cooling Electric Power (kW),/mnt/datasets/resstock_2024/cosimulation/329459/up01/simulation_results_august/ochre.parquet,parquet,True,True,True,43200,0.3,43200.0,43200.0,720.0,1498.0,41702.0,0.0346759259259259,218.0,219.0,436.0,6.871559633027523,11.0,190.4200913242009,7082.0,99.5411611866542,0.1382516127592419,4.256912952289551,ok,,HeatPump,air-to-air,electricity,heating_and_cooling,air_source_heat_pump,air_source_heat_pump,5.084666666666666,5.084666666666666,17.882022494960644,,,7.132666666666666,single stage,normal,True,True,True,True,True,329459__up01,30,0.6333333333333333,2.765687007960523,3.6120779910500227,0.03124999999999995,0.5439269059841071,0.710386388694773,19,18.947368421052637
329459,up02,cooling,HVAC Cooling Electric Power (kW),/mnt/datasets/resstock_2024/cosimulation/329459/up02/simulation_results_august/ochre.parquet,parquet,True,True,True,43200,0.3,43200.0,43200.0,720.0,6433.0,36767.0,0.148912037037037,20.0,21.0,40.0,321.65,525.0,1750.809523809524,7049.0,95.72272974021902,0.1329482357503042,2.211472536028805,ok,,HeatPump,air-to-air,electricity,heating_and_cooling,air_source_heat_pump,air_source_heat_pump,7.459833333333333,7.459833333333333,26.23513323888631,,,7.132666666666666,variable speed,normal,True,True,True,True,True,329459__up02,30,0.6666666666666666,2.5087962428409702,0.58161413754447,0.1774305555555555,0.33630727802332094,0.0779661034711861,20,0.3846153846153846
336141,up02,cooling,HVAC Cooling Electric Power (kW),/mnt/datasets/resstock_2024/cosimulation/336141/up02/simulation_results_august/ochre.parquet,parquet,True,True,True,43200,0.3,43200.0,43200.0,720.0,12648.0,30552.0,0.2927777777777778,29.0,30.0,58.0,436.13793103448273,772.0,1018.4,6780.0,188.22121070581343,0.2614183482025186,2.726973794623788,ok,,HeatPump,air-to-air,electricity,heating_and_cooling,air_source_heat_pump,air_source_heat_pump,5.250333333333334,5.250333333333334,18.4646477198194,,,5.020083333333333,variable speed,normal,True,True,True,True,True,336141__up02,30,0.8,5.829491666065767,0.895152682606521,0.342361111111111,1.110308869163691,0.17049444783312565,24,0.23039540534570357
345891,up02,cooling,HVAC Cooling Electric Power (kW),/mnt/datasets/resstock_2024/cosimulation/345891/up02/simulation_results_august/ochre.parquet,parquet,True,True,True,43200,0.3,43200.0,43200.0,720.0,11090.0,32110.0,0.256712962962963,31.0,32.0,62.0,357.741935483871,732.0,1003.4375,6839.0,175.8476559903328,0.2442328555421289,2.837454351136371,ok,,HeatPump,air-to-air,electricity,heating_and_cooling,air_source_heat_pump,air_source_heat_pump,5.480916666666666,5.480916666666666,19.27557528379534,,,5.2405,variable speed,normal,True,True,True,True,True,345891__up02,30,0.8,5.3992968017805145,0.9124240381369705,0.3038194444444444,0.9851083550708698,0.16647289014373573,24,0.2600903600311846
348462,up02,cooling,HVAC Cooling Electric Power (kW),/mnt/datasets/resstock_2024/cosimulation/348462/up02/simulation_results_august/ochre.parquet,parquet,True,True,True,43200,0.3,43200.0,43200.0,720.0,12127.0,31073.0,0.2807175925925926,22.0,23.0,44.0,551.2272727272727,878.0,1351.0,6919.0,176.71545680666136,0.2454381344536963,2.394461495262248,ok,,HeatPump,air-to-air,electricity,heating_and_cooling,air_source_heat_pump,air_source_heat_pump,6.408,6.408,22.53599058890281,,,6.127,variable speed,normal,True,True,True,True,True,348462__up02,30,0.7,5.515644214808745,0.855649919523527,0.34305555555555556,0.8607434792148477,0.1335283894387526,21,0.208695652173913
348832,up02,cooling,HVAC Cooling Electric Power (kW),/mnt/datasets/resstock_2024/cosimulation/348832/up02/simulation_results_august/ochre.parquet,parquet,True,True,True,43200,0.3,43200.0,43200.0,720.0,10652.0,32548.0,0.246574074074074,32.0,33.0,64.0,332.875,699.0,986.3030303030304,5581.0,167.00068493213308,0.2319453957390737,2.9458324243308365,ok,,HeatPump,air-to-air,electricity,heating_and_cooling,air_source_heat_pump,air_source_heat_pump,7.3165,7.3165,25.7310510523888,,,6.995583333333333,variable speed,normal,True,True,True,True,True,348832__up02,30,0.8333333333333334,4.462813244619818,0.8189131594204984,0.2906249999999999,0.6099655907359828,0.11192689939458736,25,0.2521008403361344
349967,up02,cooling,HVAC Cooling Electric Power (kW),/mnt/datasets/resstock_2024/cosimulation/349967/up02/simulation_results_august/ochre.parquet,parquet,True,True,True,43200,0.3,43200.0,43200.0,720.0,6757.0,36443.0,0.156412037037037,21.0,22.0,42.0,321.7619047619048,555.0,1656.5,7048.0,110.53476631679136,0.1535205087733213,2.541967418272628,ok,,HeatPump,air-to-air,electricity,heating_and_cooling,air_source_heat_pump,air_source_heat_pump,7.906916666666667,7.906916666666667,27.807459361304424,,,7.560166666666666,variable speed,normal,True,True,True,True,True,349967__up02,30,0.6666666666666666,2.7760923204818195,0.6895291551369163,0.18194444444444446,0.3510966964132861,0.08720582044879475,20,0.37169159953970077
35063,up02,cooling,HVAC Cooling Electric Power (kW),/mnt/datasets/resstock_2024/cosimulation/35063/up02/simulation_results_august/ochre.parquet,parquet,True,True,True,43200,0.3,43200.0,43200.0,720.0,6196.0,37004.0,0.1434259259259259,30.0,31.0,60.0,206.53333333333333,531.0,1193.6774193548388,8362.0,95.39523494709832,0.1324933818709699,2.358705366246845,ok,,HeatPump,air-to-air,electricity,heating_and_cooling,air_source_heat_pump,air_source_heat_pump,7.520583333333334,7.520583333333334,26.44878202607043,,,7.19075,variable speed,normal,True,True,True,True,True,35063__up02,30,0.6333333333333333,2.3199755772650135,0.6375502335777988,0.15763888888888886,0.30848346124724546,0.08477404016680426,19,0.4633204633204633
356060,up02,cooling,HVAC Cooling Electric Power (kW),/mnt/datasets/resstock_2024/cosimulation/356060/up02/simulation_results_august/ochre.parquet,parquet,True,True,True,43200,0.3,43200.0,43200.0,720.0,9701.0,33499.0,0.2245601851851852,28.0,29.0,56.0,346.4642857142857,682.0,1155.1379310344828,6884.0,151.93724498063816,0.2110239513619974,2.6591169571774724,ok,,HeatPump,air-to-air,electricity,heating_and_cooling,air_source_heat_pump,air_source_heat_pump,7.035666666666667,7.035666666666667,24.74340165210006,,,6.727083333333334,variable speed,normal,True,True,True,True,True,356060__up02,30,0.7666666666666667,4.370856645953227,0.8829534713721012,0.2614583333333333,0.6212427127426768,0.1254967742510211,23,0.2803738317757009
356213,up02,cooling,HVAC Cooling Electric Power (kW),/mnt/datasets/resstock_2024/cosimulation/356213/up02/simulation_results_august/ochre.parquet,parquet,True,True,True,43200,0.3,43200.0,43200.0,720.0,10769.0,32431.0,0.2492824074074074,25.0,26.0,50.0,430.76,701.0,1247.3461538461538,6846.0,235.3431764349229,0.3268655228262818,4.192163065242347,ok,,HeatPump,air-to-air,electricity,heating_and_cooling,air_source_heat_pump,air_source_heat_pump,9.982166666666666,9.982166666666666,35.105807437087904,,,9.544416666666669,variable speed,normal,True,True,True,True,True,356213__up02,30,0.7666666666666667,6.920021060609409,1.3238887849782592,0.30451388888888886,0.6932383811740346,0.1326253937834063,23,0.2479338842975206
360519,up01,cooling,HVAC Cooling Electric Power (kW),/mnt/datasets/resstock_2024/cosimulation/360519/up01/simulation_results_august/ochre.parquet,parquet,True,True,True,43200,0.3,43200.0,43200.0,720.0,9927.0,33273.0,0.2297916666666666,23.0,24.0,46.0,431.60869565217394,689.0,1386.375,6887.0,339.46145849744494,0.4714742479131179,4.792691239815111,ok,,HeatPump,mini-split,electricity,heating_and_cooling,air_source_heat_pump,air_source_heat_pump,8.4885,8.4885,29.852802140121955,,,6.627083333333333,variable speed,normal,True,True,True,True,True,360519__up01,30,0.7666666666666667,10.038607451699908,2.2044278457174826,0.2725694444444444,1.1826126467220248,0.25969580558608496,23,0.2553191489361702
360519,up02,cooling,HVAC Cooling Electric Power (kW),/mnt/datasets/resstock_2024/cosimulation/360519/up02/simulation_results_august/ochre.parquet,parquet,True,True,True,43200,0.3,43200.0,43200.0,720.0,9835.0,33365.0,0.227662037037037,22.0,23.0,44.0,447.04545454545456,689.0,1450.6521739130435,6890.0,292.50233257632726,0.4062532396893434,3.4811826077360184,ok,,HeatPump,mini-split,electricity,heating_and_cooling,air_source_heat_pump,air_source_heat_pump,6.9310833333333335,6.9310833333333335,24.37559749858007,,,6.627083333333333,variable speed,normal,True,True,True,True,True,360519__up02,30,0.7333333333333333,9.034178155819376,1.9862801528885496,0.2697916666666666,1.3034294527049948,0.28657571368908885,22,0.2542783773591682
361438,up02,cooling,HVAC Cooling Electric Power (kW),/mnt/datasets/resstock_2024/cosimulation/361438/up02/simulation_results_august/ochre.parquet,parquet,True,True,True,43200,0.3,43200.0,43200.0,720.0,5568.0,37632.0,0.1288888888888889,24.0,25.0,48.0,232.0,520.0,1505.28,8474.0,81.22257798341657,0.1128091360880785,2.14983540435116,ok,,HeatPump,air-to-air,electricity,heating_and_cooling,air_source_heat_pump,air_source_heat_pump,6.42175,6.42175,22.58434731028193,,,6.1401666666666666,variable speed,normal,True,True,True,True,True,361438__up02,30,0.6333333333333333,1.8347701629137496,0.5465177798787582,0.1333333333333333,0.2857118640423171,0.08510418186300585,19,0.4460966542750929
366434,up01,cooling,HVAC Cooling Electric Power (kW),/mnt/datasets/resstock_2024/cosimulation/366434/up01/simulation_results_august/ochre.parquet,parquet,True,True,True,43200,0.3,43200.0,43200.0,720.0,6942.0,36258.0,0.1606944444444444,325.0,326.0,650.0,21.36,226.0,111.22085889570552,3975.0,427.68495782600127,0.5940068858694463,4.320488323596446,ok,,HeatPump,air-to-air,electricity,heating_and_cooling,air_source_heat_pump,air_source_heat_pump,5.20575,5.20575,18.30785471413558,,,7.502833333333333,single stage,normal,True,True,True,True,True,366434__up01,30,0.8333333333333334,15.423112658097274,3.6124289180101967,0.17812499999999995,2.9627071330926906,0.6939305418066939,25,6.081081081081081
366434,up02,cooling,HVAC Cooling Electric Power (kW),/mnt/datasets/resstock_2024/cosimulation/366434/up02/simulation_results_august/ochre.parquet,parquet,True,True,True,43200,0.3,43200.0,43200.0,720.0,15336.0,27864.0,0.355,28.0,29.0,56.0,547.7142857142857,791.0,960.8275862068964,3987.0,373.5235535425056,0.51878271325348,4.743782669235857,ok,,HeatPump,air-to-air,electricity,heating_and_cooling,air_source_heat_pump,air_source_heat_pump,7.847,7.847,27.59674128450692,,,7.502833333333333,variable speed,normal,True,True,True,True,True,366434__up02,30,0.8666666666666667,12.601384566921627,1.9907076114832012,0.39826388888888886,1.6058856336079557,0.253690278002192,26,0.202149110492866
367975,up01,cooling,HVAC Cooling Electric Power (kW),/mnt/datasets/resstock_2024/cosimulation/367975/up01/simulation_results_august/ochre.parquet,parquet,True,True,True,43200,0.3,43200.0,43200.0,720.0,2724.0,40476.0,0.0630555555555555,372.0,373.0,744.0,7.32258064516129,17.0,108.514745308311,6990.0,176.5296951222238,0.2451801321141997,4.291106190216353,ok,,HeatPump,air-to-air,electricity,heating_and_cooling,air_source_heat_pump,air_source_heat_pump,5.110166666666666,5.110166666666666,17.971702232791017,,,7.716166666666667,single stage,normal,True,True,True,True,True,367975__up01,30,0.7,5.766307490682918,3.6410565131476016,0.06562499999999995,1.1283991045333652,0.7125122820157728,21,17.73913043478261
367975,up02,cooling,HVAC Cooling Electric Power (kW),/mnt/datasets/resstock_2024/cosimulation/367975/up02/simulation_results_august/ochre.parquet,parquet,True,True,True,43200,0.3,43200.0,43200.0,720.0,8565.0,34635.0,0.1982638888888888,22.0,23.0,44.0,389.3181818181818,608.0,1505.8695652173913,6940.0,155.66527965474955,0.2162017772982632,2.888808364150142,ok,,HeatPump,air-to-air,electricity,heating_and_cooling,air_source_heat_pump,air_source_heat_pump,8.070166666666667,8.070166666666667,28.381585526042,,,7.716166666666667,variable speed,normal,True,True,True,True,True,367975__up02,30,0.7,4.952518194552717,1.134391530323678,0.2385416666666666,0.6136822694144337,0.1405660598075642,21,0.2926829268292683
368586,up02,cooling,HVAC Cooling Electric Power (kW),/mnt/datasets/resstock_2024/cosimulation/368586/up02/simulation_results_august/ochre.parquet,parquet,True,True,True,43200,0.3,43200.0,43200.0,720.0,6256.0,36944.0,0.1448148148148148,21.0,22.0,42.0,297.9047619047619,518.0,1679.2727272727273,7037.0,103.53914995609593,0.1438043749390221,2.568267223250951,ok,,HeatPump,air-to-air,electricity,heating_and_cooling,air_source_heat_pump,air_source_heat_pump,8.055333333333333,8.055333333333333,28.329418881160283,,,7.702083333333333,variable speed,normal,True,True,True,True,True,368586__up02,30,0.6666666666666666,2.5064408813824386,0.7162208997667423,0.16979166666666662,0.3111529688052353,0.08891263342300029,20,0.41379802375771413
36966,up02,cooling,HVAC Cooling Electric Power (kW),/mnt/datasets/resstock_2024/cosimulation/36966/up02/simulation_results_august/ochre.parquet,parquet,True,True,True,43200,0.3,43200.0,43200.0,720.0,9884.0,33316.0,0.2287962962962963,24.0,25.0,48.0,411.8333333333333,702.0,1332.64,6906.0,147.69056138145993,0.2051257796964721,2.439902018704561,ok,,HeatPump,air-to-air,electricity,heating_and_cooling,air_source_heat_pump,air_source_heat_pump,6.145416666666667,6.145416666666667,21.61252374608091,,,5.8758333333333335,variable speed,normal,True,True,True,True,True,36966__up02,30,0.7666666666666667,4.273703919419604,0.7078481516747138,0.27708333333333335,0.6954294804127092,0.11518310149971606,23,0.2564102564102564
378383,up02,cooling,HVAC Cooling Electric Power (kW),/mnt/datasets/resstock_2024/cosimulation/378383/up02/simulation_results_august/ochre.parquet,parquet,True,True,True,43200,0.3,43200.0,43200.0,720.0,2773.0,40427.0,0.0641898148148148,19.0,20.0,38.0,145.94736842105263,442.0,2021.35,11283.0,43.66940059580803,0.0606519452719555,1.6994371506235797,ok,,HeatPump,air-to-air,electricity,heating_and_cooling,air_source_heat_pump,air_source_heat_pump,6.891083333333333,6.891083333333333,24.234923400022627,,,6.5888333333333335,variable speed,normal,True,True,True,True,True,378383__up02,30,0.4666666666666667,0.525,0.28292169704546916,0.00104166666666665,0.0761854086802994,0.0410562002170151,14,0.6964378457251675
381930,up01,cooling,HVAC Cooling Electric Power (kW),/mnt/datasets/resstock_2024/cosimulation/381930/up01/simulation_results_august/ochre.parquet,parquet,True,True,True,43200,0.3,43200.0,43200.0,720.0,6085.0,37115.0,0.1408564814814814,174.0,175.0,348.0,34.97126436781609,245.0,212.0857142857143,5454.0,417.3756154882292,0.5796883548447628,4.840273917450072,ok,,HeatPump,air-to-air,electricity,heating_and_cooling,air_source_heat_pump,air_source_heat_pump,5.831583333333334,5.831583333333334,20.50881821448228,,,10.603916666666668,single stage,normal,True,True,True,True,True,381930__up01,30,0.8333333333333334,14.98892606878184,4.0358354258038815,0.15486111111111112,2.5703012736018245,0.6920651211027106,25,3.925233644859813
381930,up02,cooling,HVAC Cooling Electric Power (kW),/mnt/datasets/resstock_2024/cosimulation/381930/up02/simulation_results_august/ochre.parquet,parquet,True,True,True,43200,0.3,43200.0,43200.0,720.0,15357.0,27843.0,0.3554861111111111,28.0,29.0,56.0,548.4642857142857,822.0,960.103448275862,5226.0,348.4521994039943,0.4839613880611032,5.216107454436608,ok,,HeatPump,air-to-air,electricity,heating_and_cooling,air_source_heat_pump,air_source_heat_pump,11.090333333333334,11.090333333333334,39.00306610920648,,,10.603916666666668,variable speed,normal,True,True,True,True,True,381930__up02,30,0.8333333333333334,11.549182167335285,1.8119881698885865,0.41909722222222223,1.0413737639988534,0.16338446423809794,25,0.1883830455259026
382317,up02,cooling,HVAC Cooling Electric Power (kW),/mnt/datasets/resstock_2024/cosimulation/382317/up02/simulation_results_august/ochre.parquet,parquet,True,True,True,43200,0.3,43200.0,43200.0,720.0,2942.0,40258.0,0.0681018518518518,17.0,18.0,34.0,173.05882352941177,475.0,2236.555555555556,12593.0,44.61046661879073,0.0619589814149871,1.6836240085297671,ok,,HeatPump,air-to-air,electricity,heating_and_cooling,air_source_heat_pump,air_source_heat_pump,5.620583333333333,5.620583333333333,19.76676234459176,,,5.374083333333333,variable speed,normal,True,True,True,True,True,382317__up02,30,0.43333333333333335,0.5456489803391116,0.24195829977621158,0.0,0.09708048933339264,0.04304860997990325,13,0.5633802816901409
382769,up02,cooling,HVAC Cooling Electric Power (kW),/mnt/datasets/resstock_2024/cosimulation/382769/up02/simulation_results_august/ochre.parquet,parquet,True,True,True,43200,0.3,43200.0,43200.0,720.0,4786.0,38414.0,0.110787037037037,24.0,25.0,48.0,199.41666666666663,558.0,1536.56,11129.0,67.92698425329657,0.0943430336851341,2.060769063169284,ok,,HeatPump,air-to-air,electricity,heating_and_cooling,air_source_heat_pump,air_source_heat_pump,5.854333333333333,5.854333333333333,20.58882660803683,,,5.597583333333334,variable speed,normal,True,True,True,True,True,382769__up02,30,0.5333333333333333,1.2915272416743915,0.3835091617400624,0.0482638888888888,0.2206104723010405,0.06550859677846535,16,0.7061224489795919
384981,up02,cooling,HVAC Cooling Electric Power (kW),/mnt/datasets/resstock_2024/cosimulation/384981/up02/simulation_results_august/ochre.parquet,parquet,True,True,True,43200,0.3,43200.0,43200.0,720.0,8371.0,34829.0,0.1937731481481481,29.0,30.0,58.0,288.6551724137931,707.0,1160.9666666666667,6932.0,118.17114435579244,0.164126589383045,2.2654197623437624,ok,,HeatPump,air-to-air,electricity,heating_and_cooling,air_source_heat_pump,air_source_heat_pump,6.2195,6.2195,21.873063899450845,,,5.946666666666666,variable speed,normal,True,True,True,True,True,384981__up02,30,0.7,3.290070623630599,0.6221385932894203,0.2052083333333333,0.5289927845695955,0.1000303229020693,21,0.4123711340206186
397930,up02,cooling,HVAC Cooling Electric Power (kW),/mnt/datasets/resstock_2024/cosimulation/397930/up02/simulation_results_august/ochre.parquet,parquet,True,True,True,43200,0.3,43200.0,43200.0,720.0,5803.0,37397.0,0.1343287037037037,29.0,30.0,58.0,200.1034482758621,630.0,1246.5666666666666,8464.0,80.58226555481008,0.1119198132705695,1.63402042023269,ok,,HeatPump,air-to-air,electricity,heating_and_cooling,air_source_heat_pump,air_source_heat_pump,5.262583333333334,5.262583333333334,18.507729162502617,,,5.03175,variable speed,normal,True,True,True,True,True,397930__up02,30,0.6333333333333333,2.1767815460229114,0.45350250466747677,0.1055555555555555,0.41363364875100844,0.08617488331158205,19,0.7894736842105263
400785,up02,cooling,HVAC Cooling Electric Power (kW),/mnt/datasets/resstock_2024/cosimulation/400785/up02/simulation_results_august/ochre.parquet,parquet,True,True,True,43200,0.3,43200.0,43200.0,720.0,6185.0,37015.0,0.1431712962962963,23.0,24.0,46.0,268.9130434782609,612.0,1542.2916666666667,8374.0,85.77766483365733,0.1191356456023018,1.8861832067452813,ok,,HeatPump,air-to-air,electricity,heating_and_cooling,air_source_heat_pump,air_source_heat_pump,5.1265833333333335,5.1265833333333335,18.0294372274073,,,4.90175,variable speed,normal,True,True,True,True,True,400785__up02,30,0.6333333333333333,2.0160855959353214,0.46128216845296144,0.12673611111111105,0.3932610600176183,0.0899784785421664,19,0.3738317757009346
406495,up00,cooling,HVAC Cooling Electric Power (kW),/mnt/datasets/resstock_2024/cosimulation/406495/up00/simulation_results_august/ochre.parquet,parquet,True,True,True,43200,0.3,43200.0,43200.0,720.0,4610.0,38590.0,0.1067129629629629,228.0,228.0,455.0,20.219298245614038,170.0,169.25438596491227,6635.0,372.4146722255075,0.5172426003132049,5.600776275893855,ok,,CoolingSystem,central air conditioner,electricity,cooling,air_conditioner,cooling_system,,5.578,19.61700304383581,,,,,normal,True,True,True,True,True,406495__up00,30,0.8,12.2844132890739,4.6740632818716,0.10833333333333331,2.202297111702025,0.8379460885391896,24,6.671080508474576
406495,up01,cooling,HVAC Cooling Electric Power (kW),/mnt/datasets/resstock_2024/cosimulation/406495/up01/simulation_results_august/ochre.parquet,parquet,True,True,True,43200,0.3,43200.0,43200.0,720.0,4145.0,39055.0,0.095949074074074,249.0,249.0,497.0,16.646586345381525,64.0,156.84738955823292,6642.0,310.2086580672531,0.4308453584267404,5.119256327170604,ok,,HeatPump,air-to-air,electricity,heating_and_cooling,air_source_heat_pump,air_source_heat_pump,6.13525,6.13525,21.576769079364222,,,10.00675,single stage,normal,True,True,True,True,True,406495__up01,30,0.8,9.925290531801666,4.328138696007409,0.0930555555555555,1.6177483446969014,0.7054543329134768,24,8.091931216931215
406495,up02,cooling,HVAC Cooling Electric Power (kW),/mnt/datasets/resstock_2024/cosimulation/406495/up02/simulation_results_august/ochre.parquet,parquet,True,True,True,43200,0.3,43200.0,43200.0,720.0,12101.0,31099.0,0.2801157407407407,31.0,32.0,62.0,390.35483870967744,720.0,971.84375,5360.0,280.07056337282984,0.3889868935733748,4.892250203707035,ok,,HeatPump,air-to-air,electricity,heating_and_cooling,air_source_heat_pump,air_source_heat_pump,10.46575,10.46575,36.806498674439695,,,10.00675,variable speed,normal,True,True,True,True,True,406495__up02,30,0.8333333333333334,8.326857305720338,1.4901350487214,0.3263888888888889,0.7956292961059016,0.142382060408609,25,0.2515723270440251
413473,up02,cooling,HVAC Cooling Electric Power (kW),/mnt/datasets/resstock_2024/cosimulation/413473/up02/simulation_results_august/ochre.parquet,parquet,True,True,True,43200,0.3,43200.0,43200.0,720.0,5522.0,37678.0,0.127824074074074,22.0,23.0,44.0,251.0,563.0,1638.1739130434785,8492.0,75.82095381541382,0.1053068802991858,1.7845378781508592,ok,,HeatPump,air-to-air,electricity,heating_and_cooling,air_source_heat_pump,air_source_heat_pump,6.11975,6.11975,21.522257866173213,,,5.851416666666666,variable speed,normal,True,True,True,True,True,413473__up02,30,0.6,1.6747557122632066,0.4116824078418635,0.10763888888888885,0.27366407324861414,0.06727111529749795,18,0.39982259674021514
417355,up01,cooling,HVAC Cooling Electric Power (kW),/mnt/datasets/resstock_2024/cosimulation/417355/up01/simulation_results_august/ochre.parquet,parquet,True,True,True,43200,0.3,43200.0,43200.0,720.0,3131.0,40069.0,0.0724768518518518,12.0,13.0,24.0,260.9166666666667,461.0,3082.230769230769,11302.0,62.20374993552459,0.086394097132673,2.7783984924214216,ok,,HeatPump,mini-split,electricity,heating_and_cooling,air_source_heat_pump,air_source_heat_pump,6.55975,6.55975,23.06967295030512,,,5.121333333333333,variable speed,normal,True,True,True,True,True,417355__up01,30,0.4,0.0,0.0,0.0,0.0,0.0,12,0.4428285469177662
417355,up02,cooling,HVAC Cooling Electric Power (kW),/mnt/datasets/resstock_2024/cosimulation/417355/up02/simulation_results_august/ochre.parquet,parquet,True,True,True,43200,0.3,43200.0,43200.0,720.0,3059.0,40141.0,0.0708101851851851,12.0,13.0,24.0,254.91666666666663,456.0,3087.769230769231,11302.0,55.85371914145826,0.077574609918692,2.5005473771398274,ok,,HeatPump,mini-split,electricity,heating_and_cooling,air_source_heat_pump,air_source_heat_pump,5.35625,5.35625,18.837141009957968,,,5.121333333333333,variable speed,normal,True,True,True,True,True,417355__up02,30,0.4,0.0,0.0,0.0,0.0,0.0,12,0.4486122369119825
419251,up02,cooling,HVAC Cooling Electric Power (kW),/mnt/datasets/resstock_2024/cosimulation/419251/up02/simulation_results_august/ochre.parquet,parquet,True,True,True,43200,0.3,43200.0,43200.0,720.0,8527.0,34673.0,0.1973842592592592,24.0,25.0,48.0,355.2916666666667,644.0,1386.92,6985.0,120.8943971773421,0.1679088849685306,2.142312436799243,ok,,HeatPump,air-to-air,electricity,heating_and_cooling,air_source_heat_pump,air_source_heat_pump,5.625916666666667,5.625916666666667,19.785518891066083,,,5.37925,variable speed,normal,True,True,True,True,True,419251__up02,30,0.7,3.8880744280883714,0.7239147187094577,0.23263888888888887,0.691100607857393,0.12867498073667236,21,0.3234501347708894
420843,up02,cooling,HVAC Cooling Electric Power (kW),/mnt/datasets/resstock_2024/cosimulation/420843/up02/simulation_results_august/ochre.parquet,parquet,True,True,True,43200,0.3,43200.0,43200.0,720.0,2414.0,40786.0,0.0558796296296296,15.0,16.0,30.0,160.93333333333334,450.0,2549.125,12603.0,40.76804352821493,0.0566222826780763,1.9661117866082432,ok,,HeatPump,air-to-air,electricity,heating_and_cooling,air_source_heat_pump,air_source_heat_pump,8.6285,8.6285,30.34516148507301,,,8.250083333333333,variable speed,normal,True,True,True,True,True,420843__up02,30,0.3333333333333333,0.32112838944703104,0.05,0.0,0.0372171744158348,0.0057947499565393,10,0.7182183730281472
424439,up01,cooling,HVAC Cooling Electric Power (kW),/mnt/datasets/resstock_2024/cosimulation/424439/up01/simulation_results_august/ochre.parquet,parquet,True,True,True,43200,0.3,43200.0,43200.0,720.0,12797.0,30403.0,0.2962268518518518,26.0,27.0,52.0,492.1923076923077,778.0,1126.037037037037,5416.0,278.5347915975714,0.3868538772188492,2.9689150916403606,ok,,HeatPump,mini-split,electricity,heating_and_cooling,air_source_heat_pump,air_source_heat_pump,5.256583333333333,5.256583333333333,18.486628047719,,,4.103916666666667,variable speed,normal,True,True,True,True,True,424439__up01,30,0.8333333333333334,9.483984523311953,1.7045131073278244,0.33368055555555554,1.8042108194445603,0.32426254835894497,25,0.2135231316725978
424950,up02,cooling,HVAC Cooling Electric Power (kW),/mnt/datasets/resstock_2024/cosimulation/424950/up02/simulation_results_august/ochre.parquet,parquet,True,True,True,43200,0.3,43200.0,43200.0,720.0,8622.0,34578.0,0.1995833333333333,32.0,33.0,64.0,269.4375,677.0,1047.8181818181818,6957.0,124.62422516156896,0.1730892016132902,2.0572136825166427,ok,,HeatPump,air-to-air,electricity,heating_and_cooling,air_source_heat_pump,air_source_heat_pump,6.160333333333333,6.160333333333333,21.664983462001288,,,5.861083333333333,variable speed,normal,True,True,True,True,True,424950__up02,30,0.7,3.826102324952772,0.7937891123133554,0.23611111111111105,0.6210868986991134,0.12885489621449409,21,0.46875
425903,up02,cooling,HVAC Cooling Electric Power (kW),/mnt/datasets/resstock_2024/cosimulation/425903/up02/simulation_results_august/ochre.parquet,parquet,True,True,True,43200,0.3,43200.0,43200.0,720.0,4436.0,38764.0,0.1026851851851851,18.0,19.0,36.0,246.44444444444449,502.0,2040.2105263157891,11226.0,64.1383698447978,0.0890810692288858,2.014786550249169,ok,,HeatPump,air-to-air,electricity,heating_and_cooling,air_source_heat_pump,air_source_heat_pump,6.407916666666667,6.407916666666667,22.535697517864147,,,6.126916666666666,variable speed,normal,True,True,True,True,True,425903__up02,30,0.5333333333333333,1.1649096958366112,0.4689741471429544,0.08888888888888885,0.18179226672786697,0.07318668009253465,16,0.4682365826944139
426337,up02,cooling,HVAC Cooling Electric Power (kW),/mnt/datasets/resstock_2024/cosimulation/426337/up02/simulation_results_august/ochre.parquet,parquet,True,True,True,43200,0.3,43200.0,43200.0,720.0,7063.0,36137.0,0.1634953703703703,21.0,22.0,42.0,336.3333333333333,579.0,1642.590909090909,7028.0,114.65623864952484,0.1592447759021178,2.741650914184101,ok,,HeatPump,air-to-air,electricity,heating_and_cooling,air_source_heat_pump,air_source_heat_pump,8.656166666666667,8.656166666666667,30.442461069908585,,,8.2765,variable speed,normal,True,True,True,True,True,426337__up02,30,0.6666666666666666,2.995118049360845,0.7454930005258267,0.1885416666666666,0.3460097482751231,0.08612276417881196,20,0.36725067385444743
427216,up02,cooling,HVAC Cooling Electric Power (kW),/mnt/datasets/resstock_2024/cosimulation/427216/up02/simulation_results_august/ochre.parquet,parquet,True,True,True,43200,0.3,43200.0,43200.0,720.0,16608.0,26592.0,0.3844444444444444,32.0,33.0,64.0,519.0,869.0,805.8181818181819,3968.0,315.2101633624361,0.437791893558939,3.6100197858332415,ok,,HeatPump,air-to-air,electricity,heating_and_cooling,air_source_heat_pump,air_source_heat_pump,6.8901666666666666,6.8901666666666666,24.23169961859735,,,6.588,variable speed,normal,True,True,True,True,True,427216__up02,30,0.8666666666666667,10.388254026730113,1.4598762705713277,0.43749999999999994,1.5076927060395413,0.21187822315444635,26,0.20287419399094525
430584,up02,cooling,HVAC Cooling Electric Power (kW),/mnt/datasets/resstock_2024/cosimulation/430584/up02/simulation_results_august/ochre.parquet,parquet,True,True,True,43200,0.3,43200.0,43200.0,720.0,11997.0,31203.0,0.2777083333333333,36.0,37.0,72.0,333.25,798.0,843.3243243243244,6779.0,184.8681238519881,0.2567612831277612,3.081982738592736,ok,,HeatPump,air-to-air,electricity,heating_and_cooling,air_source_heat_pump,air_source_heat_pump,6.234583333333333,6.234583333333333,21.926109757448547,,,5.961166666666666,variable speed,normal,True,True,True,True,True,430584__up02,30,0.7666666666666667,5.577416200288237,0.9076002689556837,0.34618055555555555,0.8945932554094612,0.1455751283495048,23,0.2660753880266075
431979,up02,cooling,HVAC Cooling Electric Power (kW),/mnt/datasets/resstock_2024/cosimulation/431979/up02/simulation_results_august/ochre.parquet,parquet,True,True,True,43200,0.3,43200.0,43200.0,720.0,7876.0,35324.0,0.1823148148148148,23.0,24.0,46.0,342.4347826086956,630.0,1471.8333333333333,6971.0,109.73841258459488,0.1524144619230484,2.101047164197169,ok,,HeatPump,air-to-air,electricity,heating_and_cooling,air_source_heat_pump,air_source_heat_pump,5.768583333333333,5.768583333333333,20.287256509254306,,,5.515583333333334,variable speed,normal,True,True,True,True,True,431979__up02,30,0.6666666666666666,2.837773536006938,0.5956798535510004,0.20624999999999993,0.49193595238697047,0.1032627629922425,20,0.3489433643279797
434632,up02,cooling,HVAC Cooling Electric Power (kW),/mnt/datasets/resstock_2024/cosimulation/434632/up02/simulation_results_august/ochre.parquet,parquet,True,True,True,43200,0.3,43200.0,43200.0,720.0,16809.0,26391.0,0.3890972222222222,31.0,32.0,62.0,542.2258064516129,901.0,824.71875,3929.0,253.4035194600129,0.3519493325833512,2.6250182391314203,ok,,HeatPump,air-to-air,electricity,heating_and_cooling,air_source_heat_pump,air_source_heat_pump,5.153333333333333,5.153333333333333,18.123513030817595,,,4.927333333333333,variable speed,normal,True,True,True,True,True,434632__up02,30,0.8666666666666667,8.278905140473864,0.9235477514018348,0.4315972222222222,1.6065145809457695,0.17921366456697954,26,0.1948098153365292
436631,up01,cooling,HVAC Cooling Electric Power (kW),/mnt/datasets/resstock_2024/cosimulation/436631/up01/simulation_results_august/ochre.parquet,parquet,True,True,True,43200,0.3,43200.0,43200.0,720.0,16646.0,26554.0,0.3853240740740741,29.0,30.0,58.0,574.0,860.0,885.1333333333333,3934.0,530.1802906010292,0.7363615147236516,3.6310571069800615,ok,,HeatPump,mini-split,electricity,heating_and_cooling,air_source_heat_pump,air_source_heat_pump,6.509416666666667,6.509416666666667,22.892658042953663,,,5.082,variable speed,normal,True,True,True,True,True,436631__up01,30,0.9,20.659297401881062,3.055092185749034,0.428125,3.1737555697844497,0.4693342494717705,27,0.1935483870967742
436631,up02,cooling,HVAC Cooling Electric Power (kW),/mnt/datasets/resstock_2024/cosimulation/436631/up02/simulation_results_august/ochre.parquet,parquet,True,True,True,43200,0.3,43200.0,43200.0,720.0,16438.0,26762.0,0.3805092592592592,29.0,30.0,58.0,566.8275862068965,856.0,892.0666666666667,3942.0,429.68253575533697,0.5967812996601902,3.103071666063306,ok,,HeatPump,mini-split,electricity,heating_and_cooling,air_source_heat_pump,air_source_heat_pump,5.315166666666666,5.315166666666666,18.692656987897927,,,5.082,variable speed,normal,True,True,True,True,True,436631__up02,30,0.9,16.908083324483407,2.4733001602950835,0.42604166666666665,3.1811012494716513,0.46532880630179363,27,0.1935483870967742
440940,up02,cooling,HVAC Cooling Electric Power (kW),/mnt/datasets/resstock_2024/cosimulation/440940/up02/simulation_results_august/ochre.parquet,parquet,True,True,True,43200,0.3,43200.0,43200.0,720.0,12973.0,30227.0,0.3003009259259259,26.0,27.0,52.0,498.96153846153845,798.0,1119.5185185185185,6815.0,210.37477764380776,0.2921871911719552,2.974339852789652,ok,,HeatPump,air-to-air,electricity,heating_and_cooling,air_source_heat_pump,air_source_heat_pump,5.642166666666666,5.642166666666666,19.842667743605045,,,5.39475,variable speed,normal,True,True,True,True,True,440940__up02,30,0.8,6.835508328778805,1.0575892652101024,0.3329861111111111,1.2115041494896415,0.1874438186057547,24,0.23124289363712874
443314,up02,cooling,HVAC Cooling Electric Power (kW),/mnt/datasets/resstock_2024/cosimulation/443314/up02/simulation_results_august/ochre.parquet,parquet,True,True,True,43200,0.3,43200.0,43200.0,720.0,4491.0,38709.0,0.1039583333333333,23.0,24.0,46.0,195.2608695652174,512.0,1612.875,8460.0,63.43471548165838,0.0881037715023033,1.879992815214759,ok,,HeatPump,air-to-air,electricity,heating_and_cooling,air_source_heat_pump,air_source_heat_pump,6.249333333333333,6.249333333333333,21.977983331291608,,,5.97525,variable speed,normal,True,True,True,True,True,443314__up02,30,0.5666666666666667,1.2539419855148992,0.421913276901125,0.05937499999999995,0.2006521205752452,0.0675133257255907,17,0.6779661016949152
4455,up02,cooling,HVAC Cooling Electric Power (kW),/mnt/datasets/resstock_2024/cosimulation/4455/up02/simulation_results_august/ochre.parquet,parquet,True,True,True,43200,0.3,43200.0,43200.0,720.0,1605.0,41595.0,0.0371527777777777,9.0,10.0,18.0,178.33333333333334,357.0,4159.5,12808.0,23.575816646189534,0.0327441897863743,1.1823073330682952,ok,,HeatPump,air-to-air,electricity,heating_and_cooling,air_source_heat_pump,air_source_heat_pump,5.613666666666667,5.613666666666667,19.742437448382866,,,5.367416666666666,variable speed,normal,True,True,True,True,True,4455__up02,30,0.26666666666666666,0.25,0.05,0.0,0.0445341725550739,0.0089068345110147,8,0.6413179797058488
452278,up02,cooling,HVAC Cooling Electric Power (kW),/mnt/datasets/resstock_2024/cosimulation/452278/up02/simulation_results_august/ochre.parquet,parquet,True,True,True,43200,0.3,43200.0,43200.0,720.0,10811.0,32389.0,0.2502546296296296,27.0,28.0,54.0,400.4074074074074,754.0,1156.75,6896.0,157.2829537105035,0.2184485468201437,2.4503496764164856,ok,,HeatPump,air-to-air,electricity,heating_and_cooling,air_source_heat_pump,air_source_heat_pump,5.24925,5.24925,18.4608377963168,,,5.019083333333334,variable speed,normal,True,True,True,True,True,452278__up02,30,0.7666666666666667,4.719245974186889,0.7815413091421961,0.29999999999999993,0.8990324282872579,0.14888628073385646,23,0.261437908496732
461649,up02,cooling,HVAC Cooling Electric Power (kW),/mnt/datasets/resstock_2024/cosimulation/461649/up02/simulation_results_august/ochre.parquet,parquet,True,True,True,43200,0.3,43200.0,43200.0,720.0,12725.0,30475.0,0.2945601851851852,25.0,26.0,50.0,509.0,786.0,1172.1153846153843,6820.0,225.01286476833016,0.3125178677337919,3.882827000883335,ok,,HeatPump,air-to-air,electricity,heating_and_cooling,air_source_heat_pump,air_source_heat_pump,9.961166666666667,9.961166666666667,35.031953535345245,,,9.524333333333333,variable speed,normal,True,True,True,True,True,461649__up02,30,0.8,6.615590595419706,1.1088644281533901,0.33541666666666664,0.6641381292773308,0.11131873055231714,24,0.21072430699022535
464312,up01,cooling,HVAC Cooling Electric Power (kW),/mnt/datasets/resstock_2024/cosimulation/464312/up01/simulation_results_august/ochre.parquet,parquet,True,True,True,43200,0.3,43200.0,43200.0,720.0,14747.0,28453.0,0.3413657407407407,29.0,30.0,58.0,508.5172413793104,807.0,948.4333333333332,5305.0,323.7558480444711,0.4496609000617654,2.970385775315884,ok,,HeatPump,mini-split,electricity,heating_and_cooling,air_source_heat_pump,air_source_heat_pump,5.259333333333333,5.259333333333333,18.496299391994825,,,4.106,variable speed,normal,True,True,True,True,True,464312__up01,30,0.8333333333333334,11.496718060053967,1.7703638347912245,0.3746527777777777,2.1859648992370326,0.3366137345908019,25,0.2054794520547945
467272,up02,cooling,HVAC Cooling Electric Power (kW),/mnt/datasets/resstock_2024/cosimulation/467272/up02/simulation_results_august/ochre.parquet,parquet,True,True,True,43200,0.3,43200.0,43200.0,720.0,3063.0,40137.0,0.0709027777777777,16.0,17.0,32.0,191.4375,464.0,2361.0,11332.0,51.37137188379355,0.0713491276163799,2.2103894209353188,ok,,HeatPump,air-to-air,electricity,heating_and_cooling,air_source_heat_pump,air_source_heat_pump,6.9605,6.9605,24.47905157522753,,,6.65525,variable speed,normal,True,True,True,True,True,467272__up02,30,0.4,0.525,0.21781467723752213,0.0,0.0754256159758638,0.03129296418899815,12,0.593905031892275
47092,up01,cooling,HVAC Cooling Electric Power (kW),/mnt/datasets/resstock_2024/cosimulation/47092/up01/simulation_results_august/ochre.parquet,parquet,True,True,True,43200,0.3,43200.0,43200.0,720.0,6944.0,36256.0,0.1607407407407407,585.0,586.0,1170.0,11.87008547008547,47.0,61.870307167235495,3871.0,827.1714758538565,1.1488492720192451,8.504243140721679,ok,,HeatPump,air-to-air,electricity,heating_and_cooling,air_source_heat_pump,air_source_heat_pump,10.24675,10.24675,36.03630798483768,,,11.595166666666668,single stage,normal,True,True,True,True,True,47092__up01,30,0.8666666666666667,30.570542679187025,7.061348843622971,0.18368055555555557,2.983437936827484,0.689130587124988,26,10.457349838793139
47092,up02,cooling,HVAC Cooling Electric Power (kW),/mnt/datasets/resstock_2024/cosimulation/47092/up02/simulation_results_august/ochre.parquet,parquet,True,True,True,43200,0.3,43200.0,43200.0,720.0,19454.0,23746.0,0.4503240740740741,31.0,32.0,62.0,627.5483870967741,941.0,742.0625,3721.0,759.2798508620311,1.0545553484194876,8.673541734930991,ok,,HeatPump,air-to-air,electricity,heating_and_cooling,air_source_heat_pump,air_source_heat_pump,12.127083333333331,12.127083333333331,42.64916290119228,,,11.595166666666668,variable speed,normal,True,True,True,True,True,47092__up02,30,0.9,26.69096211838437,4.350697884323491,0.48749999999999993,2.2009382952799346,0.3587588016621329,27,0.1706970128022759
475200,up02,cooling,HVAC Cooling Electric Power (kW),/mnt/datasets/resstock_2024/cosimulation/475200/up02/simulation_results_august/ochre.parquet,parquet,True,True,True,43200,0.3,43200.0,43200.0,720.0,9537.0,33663.0,0.2207638888888889,33.0,34.0,66.0,289.0,650.0,990.0882352941176,6845.0,148.67361365836,0.2064911300810555,2.71534608480006,ok,,HeatPump,air-to-air,electricity,heating_and_cooling,air_source_heat_pump,air_source_heat_pump,5.86575,5.86575,20.628977340333435,,,5.6085,variable speed,normal,True,True,True,True,True,475200__up02,30,0.7666666666666667,4.358755898264928,0.8544545438140713,0.2597222222222222,0.7430858625520909,0.14566842156826848,23,0.3296703296703296
476565,up02,cooling,HVAC Cooling Electric Power (kW),/mnt/datasets/resstock_2024/cosimulation/476565/up02/simulation_results_august/ochre.parquet,parquet,True,True,True,43200,0.3,43200.0,43200.0,720.0,1402.0,41798.0,0.0324537037037037,9.0,10.0,18.0,155.77777777777777,448.0,4179.8,20490.0,23.985637189344587,0.0333133849852008,1.2336485869491682,ok,,HeatPump,air-to-air,electricity,heating_and_cooling,air_source_heat_pump,air_source_heat_pump,6.6765,6.6765,23.48026547546966,,,6.383666666666667,variable speed,normal,True,True,True,True,True,476565__up02,30,0.16666666666666666,0.2749999999999999,0.05,0.0,0.04118924586235295,0.007488953793155,5,0.5309734513274337
481152,up02,cooling,HVAC Cooling Electric Power (kW),/mnt/datasets/resstock_2024/cosimulation/481152/up02/simulation_results_august/ochre.parquet,parquet,True,True,True,43200,0.3,43200.0,43200.0,720.0,1140.0,42060.0,0.0263888888888888,8.0,9.0,16.0,142.5,303.0,4673.333333333333,12832.0,23.05180118718708,0.0320163905377598,1.983952417675508,ok,,HeatPump,air-to-air,electricity,heating_and_cooling,air_source_heat_pump,air_source_heat_pump,12.532083333333333,12.532083333333333,44.073488149086415,,,11.982416666666667,variable speed,normal,True,True,True,True,True,481152__up02,30,0.23333333333333334,0.225,0.05,0.0,0.0179539182764238,0.003989759616983,7,0.9022556390977444
484007,up02,cooling,HVAC Cooling Electric Power (kW),/mnt/datasets/resstock_2024/cosimulation/484007/up02/simulation_results_august/ochre.parquet,parquet,True,True,True,43200,0.3,43200.0,43200.0,720.0,9960.0,33240.0,0.2305555555555555,26.0,27.0,52.0,383.0769230769231,671.0,1231.111111111111,6900.0,142.01858414311138,0.1972480335320991,2.226066875951255,ok,,HeatPump,air-to-air,electricity,heating_and_cooling,air_source_heat_pump,air_source_heat_pump,5.34375,5.34375,18.793180354158768,,,5.109416666666666,variable speed,normal,True,True,True,True,True,484007__up02,30,0.7333333333333333,4.268605996821895,0.7897214966411856,0.27673611111111107,0.7988034613935711,0.1477841397223271,22,0.2706523729123863
488596,up02,cooling,HVAC Cooling Electric Power (kW),/mnt/datasets/resstock_2024/cosimulation/488596/up02/simulation_results_august/ochre.parquet,parquet,True,True,True,43200,0.3,43200.0,43200.0,720.0,11273.0,31927.0,0.2609490740740741,26.0,27.0,52.0,433.5769230769231,707.0,1182.4814814814815,6842.0,186.07561582387464,0.258438355310937,2.901942075024254,ok,,HeatPump,air-to-air,electricity,heating_and_cooling,air_source_heat_pump,air_source_heat_pump,7.827333333333334,7.827333333333334,27.52757651938284,,,7.484083333333333,variable speed,normal,True,True,True,True,True,488596__up02,30,0.7666666666666667,5.625431664999439,0.9402840409212152,0.3239583333333333,0.7186906990460062,0.12012827368893815,23,0.2385685884691849
49224,up02,cooling,HVAC Cooling Electric Power (kW),/mnt/datasets/resstock_2024/cosimulation/49224/up02/simulation_results_august/ochre.parquet,parquet,True,True,True,43200,0.3,43200.0,43200.0,720.0,13582.0,29618.0,0.3143981481481481,37.0,38.0,74.0,367.0810810810811,825.0,779.421052631579,4045.0,206.8893068361812,0.287346259494696,2.795166306864614,ok,,HeatPump,air-to-air,electricity,heating_and_cooling,air_source_heat_pump,air_source_heat_pump,5.6195,5.6195,19.76295242108916,,,5.373083333333334,variable speed,normal,True,True,True,True,True,49224__up02,30,0.8666666666666667,6.47463555057502,0.9088759870552928,0.3614583333333333,1.152172889149394,0.16173609521403903,26,0.26318953783109117
493914,up01,cooling,HVAC Cooling Electric Power (kW),/mnt/datasets/resstock_2024/cosimulation/493914/up01/simulation_results_august/ochre.parquet,parquet,True,True,True,43200,0.3,43200.0,43200.0,720.0,7567.0,35633.0,0.175162037037037,305.0,306.0,610.0,24.80983606557377,121.0,116.44771241830064,3976.0,460.392344634927,0.6394338119929541,4.293362506213365,ok,,HeatPump,air-to-air,electricity,heating_and_cooling,air_source_heat_pump,air_source_heat_pump,5.1635,5.1635,18.159267697534275,,,9.136,single stage,normal,True,True,True,True,True,493914__up01,30,0.8666666666666667,16.629086499953445,3.601135790464883,0.19305555555555548,3.2205067299222314,0.69742147583323,26,5.321789764020839
493914,up02,cooling,HVAC Cooling Electric Power (kW),/mnt/datasets/resstock_2024/cosimulation/493914/up02/simulation_results_august/ochre.parquet,parquet,True,True,True,43200,0.3,43200.0,43200.0,720.0,18169.0,25031.0,0.4205787037037037,37.0,38.0,74.0,491.05405405405406,870.0,658.7105263157895,3869.0,375.1707434924539,0.5210704770728526,4.256206302857872,ok,,HeatPump,air-to-air,electricity,heating_and_cooling,air_source_heat_pump,air_source_heat_pump,9.555083333333334,9.555083333333334,33.60381836394851,,,9.136,variable speed,normal,True,True,True,True,True,493914__up02,30,0.8666666666666667,13.167482600536104,1.6689999442886063,0.49513888888888885,1.378060466997787,0.17467141688510715,26,0.16836445953593654
495480,up02,cooling,HVAC Cooling Electric Power (kW),/mnt/datasets/resstock_2024/cosimulation/495480/up02/simulation_results_august/ochre.parquet,parquet,True,True,True,43200,0.3,43200.0,43200.0,720.0,4493.0,38707.0,0.1040046296296296,24.0,25.0,48.0,187.20833333333331,463.0,1548.28,8547.0,86.37544996499237,0.119965902729156,2.878252316201289,ok,,HeatPump,air-to-air,electricity,heating_and_cooling,air_source_heat_pump,air_source_heat_pump,8.874083333333333,8.874083333333333,31.208841836008,,,8.484916666666667,variable speed,normal,True,True,True,True,True,495480__up02,30,0.6333333333333333,1.344328702548928,0.6188473813988581,0.07951388888888886,0.15148930340774291,0.06973648524060036,19,0.5825242718446603
495663,up02,cooling,HVAC Cooling Electric Power (kW),/mnt/datasets/resstock_2024/cosimulation/495663/up02/simulation_results_august/ochre.parquet,parquet,True,True,True,43200,0.3,43200.0,43200.0,720.0,1833.0,41367.0,0.0424305555555555,9.0,10.0,18.0,203.66666666666663,354.0,4136.7,12740.0,33.57591823728451,0.0466332197740062,1.9307261038495371,ok,,HeatPump,air-to-air,electricity,heating_and_cooling,air_source_heat_pump,air_source_heat_pump,7.680166666666667,7.680166666666667,27.010013065106904,,,7.343333333333334,variable speed,normal,True,True,True,True,True,495663__up02,30,0.3,0.2836394823234072,0.05,0.0,0.03693142279769195,0.0065102753846487,9,0.7100591715976331
49721,up02,cooling,HVAC Cooling Electric Power (kW),/mnt/datasets/resstock_2024/cosimulation/49721/up02/simulation_results_august/ochre.parquet,parquet,True,True,True,43200,0.3,43200.0,43200.0,720.0,9321.0,33879.0,0.2157638888888889,32.0,33.0,64.0,291.28125,666.0,1026.6363636363635,6904.0,135.7833983694581,0.188588053290914,2.5047278930545525,ok,,HeatPump,air-to-air,electricity,heating_and_cooling,air_source_heat_pump,air_source_heat_pump,7.550833333333333,7.550833333333333,26.555166813104496,,,7.219666666666667,variable speed,normal,True,True,True,True,True,49721__up02,30,0.7666666666666667,3.6208817665110864,0.7378762342598435,0.2482638888888889,0.4795340602376452,0.09772116555698175,23,0.3582089552238806
497319,up02,cooling,HVAC Cooling Electric Power (kW),/mnt/datasets/resstock_2024/cosimulation/497319/up02/simulation_results_august/ochre.parquet,parquet,True,True,True,43200,0.3,43200.0,43200.0,720.0,9886.0,33314.0,0.2288425925925926,34.0,35.0,68.0,290.7647058823529,710.0,951.8285714285714,6973.0,138.47866117198788,0.1923314738499831,2.685814377076859,ok,,HeatPump,air-to-air,electricity,heating_and_cooling,air_source_heat_pump,air_source_heat_pump,6.00275,6.00275,21.110786127892684,,,5.7395,variable speed,normal,True,True,True,True,True,497319__up02,30,0.7333333333333333,4.019200681316298,0.7191074036903614,0.26562499999999994,0.6695598985991917,0.11979632729838174,22,0.3733615018965765
498379,up02,cooling,HVAC Cooling Electric Power (kW),/mnt/datasets/resstock_2024/cosimulation/498379/up02/simulation_results_august/ochre.parquet,parquet,True,True,True,43200,0.3,43200.0,43200.0,720.0,16033.0,27167.0,0.3711342592592592,39.0,40.0,78.0,411.1025641025641,851.0,679.175,3975.0,251.7849405290215,0.3497013062903076,3.0545154790383293,ok,,HeatPump,air-to-air,electricity,heating_and_cooling,air_source_heat_pump,air_source_heat_pump,5.142416666666667,5.142416666666667,18.08512072475296,,,4.916916666666666,variable speed,normal,True,True,True,True,True,498379__up02,30,0.8666666666666667,8.460736285198626,1.2198790490855251,0.44513888888888886,1.6452840821012091,0.23721902135873696,26,0.1917074663402692
499546,up02,cooling,HVAC Cooling Electric Power (kW),/mnt/datasets/resstock_2024/cosimulation/499546/up02/simulation_results_august/ochre.parquet,parquet,True,True,True,43200,0.3,43200.0,43200.0,720.0,9099.0,34101.0,0.210625,25.0,26.0,50.0,363.96,687.0,1311.576923076923,6861.0,148.23143929834032,0.2058769990254726,2.715986438557715,ok,,HeatPump,air-to-air,electricity,heating_and_cooling,air_source_heat_pump,air_source_heat_pump,5.1585833333333335,5.1585833333333335,18.141976506253258,,,4.932333333333333,variable speed,normal,True,True,True,True,True,499546__up02,30,0.7,4.519818477504989,0.963405464091304,0.2510416666666666,0.8761743652175155,0.18675775922161514,21,0.3149606299212598
506604,up02,cooling,HVAC Cooling Electric Power (kW),/mnt/datasets/resstock_2024/cosimulation/506604/up02/simulation_results_august/ochre.parquet,parquet,True,True,True,43200,0.3,43200.0,43200.0,720.0,1956.0,41244.0,0.0452777777777777,13.0,14.0,26.0,150.46153846153845,408.0,2946.0,12709.0,28.88520532490436,0.0401183407290338,1.5487873547969049,ok,,HeatPump,air-to-air,electricity,heating_and_cooling,air_source_heat_pump,air_source_heat_pump,7.668666666666667,7.668666666666667,26.96956926177164,,,7.332333333333334,variable speed,normal,True,True,True,True,True,506604__up02,30,0.26666666666666666,0.25,0.05,0.0,0.0326001912544553,0.006520038250891,8,0.6485271228454488
512511,up02,cooling,HVAC Cooling Electric Power (kW),/mnt/datasets/resstock_2024/cosimulation/512511/up02/simulation_results_august/ochre.parquet,parquet,True,True,True,43200,0.3,43200.0,43200.0,720.0,16407.0,26793.0,0.3797916666666667,32.0,33.0,64.0,512.71875,864.0,811.9090909090909,3961.0,280.56169271754504,0.389669017663257,3.45498559672777,ok,,HeatPump,air-to-air,electricity,heating_and_cooling,air_source_heat_pump,air_source_heat_pump,5.704916666666667,5.704916666666667,20.06335023571704,,,5.45475,variable speed,normal,True,True,True,True,True,512511__up02,30,0.8666666666666667,9.12608004265438,1.3067474137379058,0.44513888888888886,1.5996868273251512,0.22905635438517752,26,0.18721158901068946
516545,up01,cooling,HVAC Cooling Electric Power (kW),/mnt/datasets/resstock_2024/cosimulation/516545/up01/simulation_results_august/ochre.parquet,parquet,True,True,True,43200,0.3,43200.0,43200.0,720.0,14196.0,29004.0,0.3286111111111111,26.0,27.0,52.0,546.0,846.0,1074.2222222222222,5445.0,302.92655122330405,0.4207313211434778,3.1482304955526224,ok,,HeatPump,mini-split,electricity,heating_and_cooling,air_source_heat_pump,air_source_heat_pump,5.577416666666666,5.577416666666666,19.61495154656518,,,4.354416666666666,variable speed,normal,True,True,True,True,True,516545__up01,30,0.8333333333333334,8.791526814293183,1.51827604752759,0.3885416666666667,1.5762721954835452,0.2722185087231406,25,0.210896309314587
517878,up00,cooling,HVAC Cooling Electric Power (kW),/mnt/datasets/resstock_2024/cosimulation/517878/up00/simulation_results_august/ochre.parquet,parquet,True,True,True,43200,0.3,43200.0,43200.0,720.0,2887.0,40313.0,0.0668287037037037,226.0,227.0,452.0,12.77433628318584,43.0,177.59030837004406,7017.0,207.4531637421331,0.2881293940862959,4.781613589297224,ok,,HeatPump,air-to-air,electricity,heating_and_cooling,air_source_heat_pump,air_source_heat_pump,5.175583333333333,5.175583333333333,18.20176299814017,,,9.5895,single stage,normal,True,True,True,True,True,517878__up00,30,0.7,6.322978126644848,4.0783499546933495,0.06527777777777775,1.2216938109993751,0.7879981235017017,21,10.619469026548671
517878,up01,cooling,HVAC Cooling Electric Power (kW),/mnt/datasets/resstock_2024/cosimulation/517878/up01/simulation_results_august/ochre.parquet,parquet,True,True,True,43200,0.3,43200.0,43200.0,720.0,2861.0,40339.0,0.0662268518518518,227.0,228.0,454.0,12.603524229074887,37.0,176.92543859649123,7022.0,185.83611170170263,0.2581057106968092,4.330663077237317,ok,,HeatPump,air-to-air,electricity,heating_and_cooling,air_source_heat_pump,air_source_heat_pump,5.175583333333333,5.175583333333333,18.20176299814017,,,9.5895,single stage,normal,True,True,True,True,True,517878__up01,30,0.7,5.66597177888838,3.6708726733670094,0.06493055555555555,1.0947503718849818,0.7092674268666029,21,10.90909090909091
517878,up02,cooling,HVAC Cooling Electric Power (kW),/mnt/datasets/resstock_2024/cosimulation/517878/up02/simulation_results_august/ochre.parquet,parquet,True,True,True,43200,0.3,43200.0,43200.0,720.0,8915.0,34285.0,0.2063657407407407,24.0,25.0,48.0,371.4583333333333,629.0,1371.4,6931.0,166.36580234911244,0.2310636143737672,3.449035378662848,ok,,HeatPump,air-to-air,electricity,heating_and_cooling,air_source_heat_pump,air_source_heat_pump,10.029416666666666,10.029416666666666,35.27197871600889,,,9.5895,variable speed,normal,True,True,True,True,True,517878__up02,30,0.7,4.848321563244973,1.042818295456057,0.24930555555555556,0.48341012487382673,0.10397596690961325,21,0.2926829268292683
520327,up02,cooling,HVAC Cooling Electric Power (kW),/mnt/datasets/resstock_2024/cosimulation/520327/up02/simulation_results_august/ochre.parquet,parquet,True,True,True,43200,0.3,43200.0,43200.0,720.0,9630.0,33570.0,0.2229166666666666,23.0,24.0,46.0,418.69565217391306,681.0,1398.75,6926.0,135.36580135187594,0.188008057433161,2.0878921255272926,ok,,HeatPump,air-to-air,electricity,heating_and_cooling,air_source_heat_pump,air_source_heat_pump,5.33125,5.33125,18.749219698359564,,,5.097416666666667,variable speed,normal,True,True,True,True,True,520327__up02,30,0.7,4.166874672971681,0.7318835347089836,0.2631944444444444,0.7815943114601043,0.13728178845655026,21,0.2620087336244541
523185,up02,cooling,HVAC Cooling Electric Power (kW),/mnt/datasets/resstock_2024/cosimulation/523185/up02/simulation_results_august/ochre.parquet,parquet,True,True,True,43200,0.3,43200.0,43200.0,720.0,7551.0,35649.0,0.1747916666666666,29.0,30.0,58.0,260.3793103448276,663.0,1188.3,7033.0,124.0371140064546,0.1722737694534091,2.75815527567215,ok,,HeatPump,air-to-air,electricity,heating_and_cooling,air_source_heat_pump,air_source_heat_pump,8.067,8.067,28.37044882657287,,,7.71325,variable speed,normal,True,True,True,True,True,523185__up02,30,0.7,2.77913561499643,0.7440583273352763,0.18055555555555552,0.34450670819343365,0.092234824263701,21,0.437956204379562
524958,up02,cooling,HVAC Cooling Electric Power (kW),/mnt/datasets/resstock_2024/cosimulation/524958/up02/simulation_results_august/ochre.parquet,parquet,True,True,True,43200,0.3,43200.0,43200.0,720.0,5291.0,37909.0,0.1224768518518518,18.0,19.0,36.0,293.94444444444446,578.0,1995.2105263157891,11160.0,82.91145111033346,0.1151547932087964,2.4372975311140905,ok,,HeatPump,air-to-air,electricity,heating_and_cooling,air_source_heat_pump,air_source_heat_pump,7.98375,7.98375,28.077670858950185,,,7.633583333333333,variable speed,normal,True,True,True,True,True,524958__up02,30,0.5666666666666667,1.2781124919635665,0.35272364675718015,0.06736111111111105,0.16008924276982195,0.04418019686953875,17,0.4054054054054054
5251,up01,cooling,HVAC Cooling Electric Power (kW),/mnt/datasets/resstock_2024/cosimulation/5251/up01/simulation_results_august/ochre.parquet,parquet,True,True,True,43200,0.3,43200.0,43200.0,720.0,1889.0,41311.0,0.0437268518518518,289.0,290.0,578.0,6.536332179930795,11.0,142.45172413793102,7026.0,124.44522311245804,0.1728405876561917,4.293776599237165,ok,,HeatPump,air-to-air,electricity,heating_and_cooling,air_source_heat_pump,air_source_heat_pump,5.1225,5.1225,18.015076746512896,,,5.475583333333334,single stage,normal,True,True,True,True,True,5251__up01,30,0.7,4.1172065258691255,3.642457328142341,0.04687499999999995,0.8037494438007078,0.7110702446349129,21,19.70149253731343
5251,up02,cooling,HVAC Cooling Electric Power (kW),/mnt/datasets/resstock_2024/cosimulation/5251/up02/simulation_results_august/ochre.parquet,parquet,True,True,True,43200,0.3,43200.0,43200.0,720.0,6999.0,36201.0,0.1620138888888889,25.0,26.0,50.0,279.96,579.0,1392.3461538461538,6988.0,114.4221029114854,0.158919587377063,2.497108609252437,ok,,HeatPump,air-to-air,electricity,heating_and_cooling,air_source_heat_pump,air_source_heat_pump,5.72675,5.72675,20.14013484784631,,,5.475583333333334,variable speed,normal,True,True,True,True,True,5251__up02,30,0.7,3.4459756855989734,0.9024422514207463,0.18576388888888884,0.6017332144058976,0.157583664630156,21,0.4013377926421405
52865,up01,cooling,HVAC Cooling Electric Power (kW),/mnt/datasets/resstock_2024/cosimulation/52865/up01/simulation_results_august/ochre.parquet,parquet,True,True,True,43200,0.3,43200.0,43200.0,720.0,4851.0,38349.0,0.1122916666666666,510.0,511.0,1020.0,9.511764705882351,27.0,75.04696673189824,5233.0,301.9267227958576,0.4193426705498022,4.333857208347117,ok,,HeatPump,air-to-air,electricity,heating_and_cooling,air_source_heat_pump,air_source_heat_pump,5.213666666666667,5.213666666666667,18.335696462808407,,,6.46975,single stage,normal,True,True,True,True,True,52865__up01,30,0.8333333333333334,10.412724266065911,3.633709923746745,0.11770833333333325,1.9971979284059675,0.6969586197327687,25,13.663366336633665
52865,up02,cooling,HVAC Cooling Electric Power (kW),/mnt/datasets/resstock_2024/cosimulation/52865/up02/simulation_results_august/ochre.parquet,parquet,True,True,True,43200,0.3,43200.0,43200.0,720.0,14967.0,28233.0,0.3464583333333333,35.0,36.0,70.0,427.6285714285714,827.0,784.25,5216.0,265.4748285402195,0.3687150396391937,3.713872557704244,ok,,HeatPump,air-to-air,electricity,heating_and_cooling,air_source_heat_pump,air_source_heat_pump,6.766583333333333,6.766583333333333,23.79707526826257,,,6.46975,variable speed,normal,True,True,True,True,True,52865__up02,30,0.8333333333333334,8.420380955905902,1.274425454027681,0.4041666666666667,1.2444065994762352,0.1883410565195651,25,0.2065404475043029
53007,up01,cooling,HVAC Cooling Electric Power (kW),/mnt/datasets/resstock_2024/cosimulation/53007/up01/simulation_results_august/ochre.parquet,parquet,True,True,True,43200,0.3,43200.0,43200.0,720.0,7366.0,35834.0,0.1705092592592592,22.0,23.0,44.0,334.8181818181818,581.0,1558.0,8338.0,188.9481832355272,0.2624280322715655,3.69492164840325,ok,,HeatPump,mini-split,electricity,heating_and_cooling,air_source_heat_pump,air_source_heat_pump,7.526,7.526,26.467831643583416,,,5.875666666666667,variable speed,normal,True,True,True,True,True,53007__up01,30,0.6666666666666666,5.052214921968502,1.4452275023403969,0.18923611111111105,0.6713014778060725,0.19203129183369605,20,0.32789088221460727
53007,up02,cooling,HVAC Cooling Electric Power (kW),/mnt/datasets/resstock_2024/cosimulation/53007/up02/simulation_results_august/ochre.parquet,parquet,True,True,True,43200,0.3,43200.0,43200.0,720.0,7300.0,35900.0,0.1689814814814814,23.0,24.0,46.0,317.39130434782606,581.0,1495.8333333333333,8344.0,169.74811474663468,0.235761270481437,3.0938699472632014,ok,,HeatPump,mini-split,electricity,heating_and_cooling,air_source_heat_pump,air_source_heat_pump,6.145166666666666,6.145166666666666,21.611644532964924,,,5.875666666666667,variable speed,normal,True,True,True,True,True,53007__up02,30,0.6666666666666666,4.574421402446739,1.2990035433139289,0.1895833333333333,0.7443933827311555,0.21138621843409655,20,0.32789088221460727
531468,up02,cooling,HVAC Cooling Electric Power (kW),/mnt/datasets/resstock_2024/cosimulation/531468/up02/simulation_results_august/ochre.parquet,parquet,True,True,True,43200,0.3,43200.0,43200.0,720.0,9599.0,33601.0,0.222199074074074,24.0,25.0,48.0,399.9583333333333,680.0,1344.04,6897.0,190.3269337491813,0.2643429635405296,4.109383070685418,ok,,HeatPump,air-to-air,electricity,heating_and_cooling,air_source_heat_pump,air_source_heat_pump,9.751083333333334,9.751083333333334,34.293121446879994,,,9.323416666666668,variable speed,normal,True,True,True,True,True,531468__up02,30,0.7333333333333333,4.971665337573993,1.0927828092519314,0.2677083333333333,0.5098577427370286,0.1120678361466091,22,0.2895260713163133
535647,up01,cooling,HVAC Cooling Electric Power (kW),/mnt/datasets/resstock_2024/cosimulation/535647/up01/simulation_results_august/ochre.parquet,parquet,True,True,True,43200,0.3,43200.0,43200.0,720.0,5421.0,37779.0,0.1254861111111111,157.0,158.0,314.0,34.52866242038217,307.0,239.1075949367089,6868.0,373.09237310831065,0.5181838515393203,4.767003728939066,ok,,HeatPump,air-to-air,electricity,heating_and_cooling,air_source_heat_pump,air_source_heat_pump,5.7396666666666665,5.7396666666666665,20.18556085883882,,,11.336,single stage,normal,True,True,True,True,True,535647__up01,30,0.8,12.492870424723414,4.008498773660457,0.12986111111111104,2.1765846607915815,0.6983852907242796,24,4.2481203007518795
535647,up02,cooling,HVAC Cooling Electric Power (kW),/mnt/datasets/resstock_2024/cosimulation/535647/up02/simulation_results_august/ochre.parquet,parquet,True,True,True,43200,0.3,43200.0,43200.0,720.0,14231.0,28969.0,0.3294212962962963,29.0,30.0,58.0,490.7241379310345,804.0,965.6333333333332,5415.0,329.3577675296433,0.4574413437911713,5.170132148896177,ok,,HeatPump,air-to-air,electricity,heating_and_cooling,air_source_heat_pump,air_source_heat_pump,11.856,11.856,41.69580281242692,,,11.336,variable speed,normal,True,True,True,True,True,535647__up02,30,0.8333333333333334,9.844467995489703,1.6063288622752754,0.37048611111111107,0.8303363693901571,0.135486577452368,25,0.1923076923076923
539182,up02,cooling,HVAC Cooling Electric Power (kW),/mnt/datasets/resstock_2024/cosimulation/539182/up02/simulation_results_august/ochre.parquet,parquet,True,True,True,43200,0.3,43200.0,43200.0,720.0,8434.0,34766.0,0.1952314814814814,41.0,42.0,82.0,205.70731707317077,647.0,827.7619047619048,7012.0,121.13850817351516,0.168247928018771,2.257281494923068,ok,,HeatPump,air-to-air,electricity,heating_and_cooling,air_source_heat_pump,air_source_heat_pump,7.656166666666667,7.656166666666667,26.92560860597244,,,7.320416666666667,variable speed,normal,True,True,True,True,True,539182__up02,30,0.7,3.4259586450690316,0.6610456497198525,0.22743055555555552,0.4474770200582142,0.086341596062414,21,0.5333333333333333
54034,up02,cooling,HVAC Cooling Electric Power (kW),/mnt/datasets/resstock_2024/cosimulation/54034/up02/simulation_results_august/ochre.parquet,parquet,True,True,True,43200,0.3,43200.0,43200.0,720.0,4379.0,38821.0,0.1013657407407407,16.0,17.0,32.0,273.6875,463.0,2283.5882352941176,9971.0,76.68911853975894,0.106512664638554,2.5481124853202086,ok,,HeatPump,air-to-air,electricity,heating_and_cooling,air_source_heat_pump,air_source_heat_pump,12.100583333333333,12.100583333333333,42.555966310897965,,,11.569916666666666,variable speed,normal,True,True,True,True,True,54034__up02,30,0.5333333333333333,1.2575706803323667,0.4955026409044154,0.0767361111111111,0.1039264509561412,0.040948657370877245,16,0.44423350735643097
540914,up02,cooling,HVAC Cooling Electric Power (kW),/mnt/datasets/resstock_2024/cosimulation/540914/up02/simulation_results_august/ochre.parquet,parquet,True,True,True,43200,0.3,43200.0,43200.0,720.0,15495.0,27705.0,0.3586805555555555,32.0,33.0,64.0,484.21875,841.0,839.5454545454545,5237.0,238.94239193746185,0.3318644332464748,2.897768361067641,ok,,HeatPump,air-to-air,electricity,heating_and_cooling,air_source_heat_pump,air_source_heat_pump,5.038666666666667,5.038666666666667,17.72024728161958,,,4.817666666666667,variable speed,normal,True,True,True,True,True,540914__up02,30,0.8333333333333334,8.09403567903438,1.1389074156310448,0.42465277777777777,1.6063844295516763,0.22603349079737584,25,0.1804511278195488
542281,up02,cooling,HVAC Cooling Electric Power (kW),/mnt/datasets/resstock_2024/cosimulation/542281/up02/simulation_results_august/ochre.parquet,parquet,True,True,True,43200,0.3,43200.0,43200.0,720.0,16015.0,27185.0,0.3707175925925925,35.0,36.0,70.0,457.57142857142856,833.0,755.1388888888889,3930.0,273.26187009193825,0.379530375127692,3.155734775934666,ok,,HeatPump,air-to-air,electricity,heating_and_cooling,air_source_heat_pump,air_source_heat_pump,5.10775,5.10775,17.963203172669836,,,4.883666666666667,variable speed,normal,True,True,True,True,True,542281__up02,30,0.8666666666666667,8.692027958298759,1.3508996257238692,0.42847222222222225,1.701733240330627,0.26448037310437456,26,0.2060099497795487
542290,up01,cooling,HVAC Cooling Electric Power (kW),/mnt/datasets/resstock_2024/cosimulation/542290/up01/simulation_results_august/ochre.parquet,parquet,True,True,True,43200,0.3,43200.0,43200.0,720.0,1473.0,41727.0,0.0340972222222222,295.0,296.0,590.0,4.9932203389830505,7.0,140.96959459459458,8369.0,102.48167011610713,0.1423356529390376,4.495236145785039,ok,,HeatPump,air-to-air,electricity,heating_and_cooling,air_source_heat_pump,air_source_heat_pump,5.3533333333333335,5.3533333333333335,18.82688352360482,,,5.700666666666667,single stage,normal,True,True,True,True,True,542290__up01,30,0.6666666666666666,2.874006231051112,3.812426993659647,0.02986111111111105,0.5368629323258615,0.7121594633237198,20,24.545454545454547
542290,up02,cooling,HVAC Cooling Electric Power (kW),/mnt/datasets/resstock_2024/cosimulation/542290/up02/simulation_results_august/ochre.parquet,parquet,True,True,True,43200,0.3,43200.0,43200.0,720.0,6060.0,37140.0,0.1402777777777777,22.0,23.0,44.0,275.45454545454544,558.0,1614.7826086956522,8391.0,87.12894712811338,0.1210124265668241,1.8893841602201824,ok,,HeatPump,air-to-air,electricity,heating_and_cooling,air_source_heat_pump,air_source_heat_pump,5.962166666666667,5.962166666666667,20.96806053206461,,,5.700666666666667,variable speed,normal,True,True,True,True,True,542290__up02,30,0.6666666666666666,1.9715099871487112,0.533916656056932,0.14027777777777775,0.33067005626847806,0.08955077674060294,20,0.39966914805624476
545518,up02,cooling,HVAC Cooling Electric Power (kW),/mnt/datasets/resstock_2024/cosimulation/545518/up02/simulation_results_august/ochre.parquet,parquet,True,True,True,43200,0.3,43200.0,43200.0,720.0,11491.0,31709.0,0.2659953703703703,30.0,31.0,60.0,383.03333333333336,715.0,1022.8709677419356,5359.0,176.1546103046368,0.2446591809786622,2.5059600106089945,ok,,HeatPump,air-to-air,electricity,heating_and_cooling,air_source_heat_pump,air_source_heat_pump,5.30925,5.30925,18.67184894415297,,,5.076416666666667,variable speed,normal,True,True,True,True,True,545518__up02,30,0.8,5.738863175202388,0.9029643368238855,0.3243055555555555,1.080917865084972,0.1700738026696587,24,0.23055797540124315
549190,up02,cooling,HVAC Cooling Electric Power (kW),/mnt/datasets/resstock_2024/cosimulation/549190/up02/simulation_results_august/ochre.parquet,parquet,True,True,True,43200,0.3,43200.0,43200.0,720.0,5986.0,37214.0,0.1385648148148148,24.0,25.0,48.0,249.41666666666663,547.0,1488.56,8406.0,85.40171788126338,0.1186134970573102,2.12691272499696,ok,,HeatPump,air-to-air,electricity,heating_and_cooling,air_source_heat_pump,air_source_heat_pump,6.409833333333333,6.409833333333333,22.54243815175336,,,6.12875,variable speed,normal,True,True,True,True,True,549190__up02,30,0.6333333333333333,2.024956880674189,0.5023456680024853,0.12986111111111104,0.31591412371733885,0.07837109670076994,19,0.4363636363636364
549843,up02,cooling,HVAC Cooling Electric Power (kW),/mnt/datasets/resstock_2024/cosimulation/549843/up02/simulation_results_august/ochre.parquet,parquet,True,True,True,43200,0.3,43200.0,43200.0,720.0,4015.0,39185.0,0.0929398148148148,19.0,20.0,38.0,211.31578947368425,491.0,1959.25,11197.0,60.36435005271378,0.0838393750732135,2.154544288258452,ok,,HeatPump,air-to-air,electricity,heating_and_cooling,air_source_heat_pump,air_source_heat_pump,6.1155,6.1155,21.507311243201485,,,5.847333333333333,variable speed,normal,True,True,True,True,True,549843__up02,30,0.5,0.8274642786579851,0.329507173695206,0.03090277777777775,0.13530607123832636,0.05388065958551315,15,0.4848484848484848
5514,up02,cooling,HVAC Cooling Electric Power (kW),/mnt/datasets/resstock_2024/cosimulation/5514/up02/simulation_results_august/ochre.parquet,parquet,True,True,True,43200,0.3,43200.0,43200.0,720.0,9218.0,33982.0,0.2133796296296296,23.0,24.0,46.0,400.7826086956522,644.0,1415.9166666666667,6885.0,140.8487945499977,0.1956233257638857,2.6799701157544376,ok,,HeatPump,air-to-air,electricity,heating_and_cooling,air_source_heat_pump,air_source_heat_pump,6.738,6.738,23.696551902001737,,,6.4425,variable speed,normal,True,True,True,True,True,5514__up02,30,0.7,4.033585282309769,0.7730306343305916,0.26805555555555555,0.5986324253947416,0.11472701607755885,21,0.2948402948402948
61798,up01,cooling,HVAC Cooling Electric Power (kW),/mnt/datasets/resstock_2024/cosimulation/61798/up01/simulation_results_august/ochre.parquet,parquet,True,True,True,43200,0.3,43200.0,43200.0,720.0,17808.0,25392.0,0.4122222222222222,31.0,32.0,62.0,574.4516129032259,903.0,793.5,2367.0,440.51499723196935,0.6118263850444019,4.005995844856612,ok,,HeatPump,mini-split,electricity,heating_and_cooling,air_source_heat_pump,air_source_heat_pump,7.098333333333334,7.098333333333334,24.9637910731734,,,5.541833333333333,variable speed,normal,True,True,True,True,True,61798__up01,30,0.9,14.339089858243257,2.240014119006857,0.46875,2.02006431438036,0.31556902357457484,27,0.1764705882352941
61798,up02,cooling,HVAC Cooling Electric Power (kW),/mnt/datasets/resstock_2024/cosimulation/61798/up02/simulation_results_august/ochre.parquet,parquet,True,True,True,43200,0.3,43200.0,43200.0,720.0,17455.0,25745.0,0.4040509259259259,31.0,32.0,62.0,563.0645161290323,891.0,804.53125,2370.0,383.8014411361785,0.5330575571335813,2.870539421489423,ok,,HeatPump,mini-split,electricity,heating_and_cooling,air_source_heat_pump,air_source_heat_pump,5.796,5.796,20.383676880973887,,,5.541833333333333,variable speed,normal,True,True,True,True,True,61798__up02,30,0.9,13.014697465509292,2.0492362710440277,0.45902777777777776,2.245461950570961,0.3535604332374098,27,0.1801801801801802
67263,up02,cooling,HVAC Cooling Electric Power (kW),/mnt/datasets/resstock_2024/cosimulation/67263/up02/simulation_results_august/ochre.parquet,parquet,True,True,True,43200,0.3,43200.0,43200.0,720.0,531.0,42669.0,0.0122916666666666,4.0,5.0,8.0,132.75,231.0,8533.8,29095.0,11.936310173221424,0.0165782085739186,1.4210319417952528,ok,,HeatPump,air-to-air,electricity,heating_and_cooling,air_source_heat_pump,air_source_heat_pump,12.77375,12.77375,44.92339416120432,,,12.2135,variable speed,normal,True,True,True,True,True,67263__up02,30,0.1,0.175,0.05,0.0,0.01369997064292,0.0039142773265485,3,0.5741626794258373
6888,up02,cooling,HVAC Cooling Electric Power (kW),/mnt/datasets/resstock_2024/cosimulation/6888/up02/simulation_results_august/ochre.parquet,parquet,True,True,True,43200,0.3,43200.0,43200.0,720.0,15218.0,27982.0,0.3522685185185185,34.0,35.0,68.0,447.5882352941176,813.0,799.4857142857143,3980.0,306.7604356637672,0.4260561606441211,3.763237579912905,ok,,HeatPump,air-to-air,electricity,heating_and_cooling,air_source_heat_pump,air_source_heat_pump,6.139666666666667,6.139666666666667,21.592301844413274,,,5.870416666666666,variable speed,normal,True,True,True,True,True,6888__up02,30,0.8666666666666667,9.999630138414002,1.6247621094404305,0.41527777777777775,1.62869267686856,0.26463360271031494,26,0.2106694895434571
71167,up02,cooling,HVAC Cooling Electric Power (kW),/mnt/datasets/resstock_2024/cosimulation/71167/up02/simulation_results_august/ochre.parquet,parquet,True,True,True,43200,0.3,43200.0,43200.0,720.0,14030.0,29170.0,0.3247685185185185,32.0,33.0,64.0,438.4375,779.0,883.939393939394,4082.0,214.1642786568102,0.2974503870233475,2.742236547815557,ok,,HeatPump,air-to-air,electricity,heating_and_cooling,air_source_heat_pump,air_source_heat_pump,5.1074166666666665,5.1074166666666665,17.96203088851519,,,4.883416666666666,variable speed,normal,True,True,True,True,True,71167__up02,30,0.8666666666666667,7.2462627970014495,1.2018681974077592,0.37395833333333334,1.4187725948215404,0.2353182197277343,26,0.2282986111111111
73108,up02,cooling,HVAC Cooling Electric Power (kW),/mnt/datasets/resstock_2024/cosimulation/73108/up02/simulation_results_august/ochre.parquet,parquet,True,True,True,43200,0.3,43200.0,43200.0,720.0,9216.0,33984.0,0.2133333333333333,28.0,29.0,56.0,329.1428571428572,714.0,1171.8620689655172,8243.0,134.93234855141455,0.1874060396547424,2.4165373196314346,ok,,HeatPump,air-to-air,electricity,heating_and_cooling,air_source_heat_pump,air_source_heat_pump,7.50125,7.50125,26.380789545100995,,,7.17225,variable speed,normal,True,True,True,True,True,73108__up02,30,0.6666666666666666,3.6431375844817833,0.6058676544729512,0.22986111111111107,0.4856707328087696,0.08076889244765215,20,0.2727877235214977
76248,up02,cooling,HVAC Cooling Electric Power (kW),/mnt/datasets/resstock_2024/cosimulation/76248/up02/simulation_results_august/ochre.parquet,parquet,True,True,True,43200,0.3,43200.0,43200.0,720.0,13099.0,30101.0,0.3032175925925925,40.0,41.0,80.0,327.475,752.0,734.170731707317,5550.0,236.8646238974897,0.3289786443020691,3.5457961811688747,ok,,HeatPump,air-to-air,electricity,heating_and_cooling,air_source_heat_pump,air_source_heat_pump,7.433916666666667,7.433916666666667,26.14398814586263,,,7.107916666666667,variable speed,normal,True,True,True,True,True,76248__up02,30,0.8333333333333334,7.180510345960089,1.2007885849018154,0.3399305555555555,0.9659121386384597,0.16152838923875684,25,0.2575107296137339
77226,up01,cooling,HVAC Cooling Electric Power (kW),/mnt/datasets/resstock_2024/cosimulation/77226/up01/simulation_results_august/ochre.parquet,parquet,True,True,True,43200,0.3,43200.0,43200.0,720.0,17625.0,25575.0,0.4079861111111111,27.0,28.0,54.0,652.7777777777778,906.0,913.3928571428572,3933.0,722.4201523160716,1.0033613226612106,5.51258637379948,ok,,HeatPump,mini-split,electricity,heating_and_cooling,air_source_heat_pump,air_source_heat_pump,9.773666666666667,9.773666666666667,34.37254369835722,,,7.6305,variable speed,normal,True,True,True,True,True,77226__up01,30,0.8666666666666667,26.36018112323881,4.1578978663832675,0.4614583333333333,2.6970616066885995,0.42541842362640436,26,0.17599091659785293
77226,up02,cooling,HVAC Cooling Electric Power (kW),/mnt/datasets/resstock_2024/cosimulation/77226/up02/simulation_results_august/ochre.parquet,parquet,True,True,True,43200,0.3,43200.0,43200.0,720.0,17488.0,25712.0,0.4048148148148148,27.0,28.0,54.0,647.7037037037037,900.0,918.2857142857144,3935.0,606.3748386667187,0.8421872759259981,3.973074639326781,ok,,HeatPump,mini-split,electricity,heating_and_cooling,air_source_heat_pump,air_source_heat_pump,7.9805,7.9805,28.0662410884424,,,7.6305,variable speed,normal,True,True,True,True,True,77226__up02,30,0.8666666666666667,23.617829387909225,3.7001629125337785,0.4576388888888888,2.959442314129344,0.4636505121901858,26,0.17046416905270795
78681,up02,cooling,HVAC Cooling Electric Power (kW),/mnt/datasets/resstock_2024/cosimulation/78681/up02/simulation_results_august/ochre.parquet,parquet,True,True,True,43200,0.3,43200.0,43200.0,720.0,8295.0,34905.0,0.1920138888888889,25.0,26.0,50.0,331.8,659.0,1342.5,6949.0,125.56803630052949,0.174400050417402,2.614550656266534,ok,,HeatPump,air-to-air,electricity,heating_and_cooling,air_source_heat_pump,air_source_heat_pump,7.69825,7.69825,27.07360948049641,,,7.360666666666667,variable speed,normal,True,True,True,True,True,78681__up02,30,0.6666666666666666,3.238777768147699,0.676489426729994,0.2204861111111111,0.4207161066668008,0.0878757414646178,20,0.3125464495642186
79250,up02,cooling,HVAC Cooling Electric Power (kW),/mnt/datasets/resstock_2024/cosimulation/79250/up02/simulation_results_august/ochre.parquet,parquet,True,True,True,43200,0.3,43200.0,43200.0,720.0,11897.0,31303.0,0.2753935185185185,26.0,27.0,52.0,457.5769230769231,753.0,1159.3703703703704,6841.0,183.1360964126005,0.2543556894619451,3.120624097403219,ok,,HeatPump,air-to-air,electricity,heating_and_cooling,air_source_heat_pump,air_source_heat_pump,7.03975,7.03975,24.757762132994465,,,6.731,variable speed,normal,True,True,True,True,True,79250__up02,30,0.8,5.212205913256797,0.8784816437812193,0.2986111111111111,0.7403964506206608,0.124788755819627,24,0.2303398728930643
7989,up02,cooling,HVAC Cooling Electric Power (kW),/mnt/datasets/resstock_2024/cosimulation/7989/up02/simulation_results_august/ochre.parquet,parquet,True,True,True,43200,0.3,43200.0,43200.0,720.0,7476.0,35724.0,0.1730555555555555,21.0,22.0,42.0,356.0,564.0,1623.8181818181818,6978.0,126.60043728372796,0.1758339406718444,2.912564653530432,ok,,HeatPump,air-to-air,electricity,heating_and_cooling,air_source_heat_pump,air_source_heat_pump,9.846583333333331,9.846583333333331,34.6289808571859,,,9.41475,variable speed,normal,True,True,True,True,True,7989__up02,30,0.7,3.2955598401154926,0.8082926991322907,0.20416666666666666,0.3346906971232485,0.08208864656596185,21,0.3519061583577712
80367,up02,cooling,HVAC Cooling Electric Power (kW),/mnt/datasets/resstock_2024/cosimulation/80367/up02/simulation_results_august/ochre.parquet,parquet,True,True,True,43200,0.3,43200.0,43200.0,720.0,9078.0,34122.0,0.2101388888888888,26.0,27.0,52.0,349.15384615384613,660.0,1263.7777777777778,6919.0,131.7092967092464,0.1829295787628422,2.4355290647987635,ok,,HeatPump,air-to-air,electricity,heating_and_cooling,air_source_heat_pump,air_source_heat_pump,5.745166666666667,5.745166666666667,20.20490354739047,,,5.49325,variable speed,normal,True,True,True,True,True,80367__up02,30,0.7333333333333333,3.466594348299759,0.6694092567629262,0.2204861111111111,0.6033931736763817,0.1165169429542965,22,0.38080959520239877
83388,up02,cooling,HVAC Cooling Electric Power (kW),/mnt/datasets/resstock_2024/cosimulation/83388/up02/simulation_results_august/ochre.parquet,parquet,True,True,True,43200,0.3,43200.0,43200.0,720.0,13715.0,29485.0,0.3174768518518518,27.0,28.0,54.0,507.962962962963,779.0,1053.0357142857142,5298.0,250.9450741397038,0.348534825194033,3.8025775554148566,ok,,HeatPump,air-to-air,electricity,heating_and_cooling,air_source_heat_pump,air_source_heat_pump,7.254083333333333,7.254083333333333,25.511540844431448,,,6.9359166666666665,variable speed,normal,True,True,True,True,True,83388__up02,30,0.8333333333333334,8.056913639540186,1.201423199678107,0.35937499999999994,1.1106728816469142,0.1656202644043847,25,0.2040816326530612
84724,up02,cooling,HVAC Cooling Electric Power (kW),/mnt/datasets/resstock_2024/cosimulation/84724/up02/simulation_results_august/ochre.parquet,parquet,True,True,True,43200,0.3,43200.0,43200.0,720.0,3565.0,39635.0,0.0825231481481481,21.0,22.0,42.0,169.76190476190476,516.0,1801.590909090909,11266.0,49.94328299083591,0.0693656708206054,1.4052803704262624,ok,,HeatPump,air-to-air,electricity,heating_and_cooling,air_source_heat_pump,air_source_heat_pump,5.269,5.269,18.53029563247954,,,5.037916666666667,variable speed,normal,True,True,True,True,True,84724__up02,30,0.4666666666666667,0.7701435929589195,0.2762113567986525,0.0,0.14616503946838474,0.0524219694057036,14,0.41276595744680855
89670,up02,cooling,HVAC Cooling Electric Power (kW),/mnt/datasets/resstock_2024/cosimulation/89670/up02/simulation_results_august/ochre.parquet,parquet,True,True,True,43200,0.3,43200.0,43200.0,720.0,8808.0,34392.0,0.2038888888888889,23.0,24.0,46.0,382.9565217391304,601.0,1433.0,6928.0,151.425474916759,0.2103131596066097,2.7704301742447903,ok,,HeatPump,air-to-air,electricity,heating_and_cooling,air_source_heat_pump,air_source_heat_pump,6.70375,6.70375,23.57609970511192,,,6.40975,variable speed,normal,True,True,True,True,True,89670__up02,30,0.7,4.56845682970941,0.8917130028668441,0.24479166666666666,0.6814778041707119,0.13301704312762913,21,0.2823529411764706
93795,up02,cooling,HVAC Cooling Electric Power (kW),/mnt/datasets/resstock_2024/cosimulation/93795/up02/simulation_results_august/ochre.parquet,parquet,True,True,True,43200,0.3,43200.0,43200.0,720.0,10920.0,32280.0,0.2527777777777777,28.0,29.0,56.0,390.0,703.0,1113.103448275862,5510.0,190.33892178979707,0.2643596135969404,3.1131798636300108,ok,,HeatPump,air-to-air,electricity,heating_and_cooling,air_source_heat_pump,air_source_heat_pump,5.9885,5.9885,21.0606709802816,,,5.725833333333333,variable speed,normal,True,True,True,True,True,93795__up02,30,0.8,5.887947872499265,1.076418552212197,0.2993055555555555,0.9832091295815754,0.17974760828457825,24,0.24469128822521907
93798,up02,cooling,HVAC Cooling Electric Power (kW),/mnt/datasets/resstock_2024/cosimulation/93798/up02/simulation_results_august/ochre.parquet,parquet,True,True,True,43200,0.3,43200.0,43200.0,720.0,8731.0,34469.0,0.2021064814814814,26.0,27.0,52.0,335.8076923076923,670.0,1276.6296296296296,7004.0,123.5967266197175,0.1716621203051632,2.1499041694272445,ok,,HeatPump,air-to-air,electricity,heating_and_cooling,air_source_heat_pump,air_source_heat_pump,5.955916666666667,5.955916666666667,20.94608020416501,,,5.69475,variable speed,normal,True,True,True,True,True,93798__up02,30,0.7666666666666667,3.521881760257049,0.6953313614095957,0.24236111111111105,0.591324888739273,0.11674632140189935,23,0.3015075376884422
94350,up02,cooling,HVAC Cooling Electric Power (kW),/mnt/datasets/resstock_2024/cosimulation/94350/up02/simulation_results_august/ochre.parquet,parquet,True,True,True,43200,0.3,43200.0,43200.0,720.0,9401.0,33799.0,0.2176157407407407,25.0,26.0,50.0,376.04,704.0,1299.9615384615386,6938.0,133.49208425282217,0.1854056725733641,2.072414586224101,ok,,HeatPump,air-to-air,electricity,heating_and_cooling,air_source_heat_pump,air_source_heat_pump,5.509416666666667,5.509416666666667,19.37580557901752,,,5.26775,variable speed,normal,True,True,True,True,True,94350__up02,30,0.7333333333333333,4.113661259162461,0.6627240486843031,0.25555555555555554,0.7466600382670507,0.1202893316626327,22,0.2795041160967039
95959,up00,cooling,HVAC Cooling Electric Power (kW),/mnt/datasets/resstock_2024/cosimulation/95959/up00/simulation_results_august/ochre.parquet,parquet,True,True,True,43200,0.3,43200.0,43200.0,720.0,5414.0,37786.0,0.1253240740740741,244.0,245.0,488.0,22.188524590163933,214.0,154.22857142857143,5692.0,349.53139236353235,0.4854602671715727,4.520679954360102,ok,,CoolingSystem,central air conditioner,electricity,cooling,air_conditioner,cooling_system,,5.112833333333334,17.981080506028178,,,,,normal,True,True,True,True,True,95959__up00,30,0.8,11.602025522455868,3.7716716349090875,0.13194444444444442,2.269196894570369,0.7376871861477499,24,6.31841255191509
95959,up01,cooling,HVAC Cooling Electric Power (kW),/mnt/datasets/resstock_2024/cosimulation/95959/up01/simulation_results_august/ochre.parquet,parquet,True,True,True,43200,0.3,43200.0,43200.0,720.0,4899.0,38301.0,0.1134027777777777,268.0,269.0,536.0,18.279850746268657,133.0,142.3828996282528,5515.0,330.91623694256833,0.459605884642456,4.683491745630295,ok,,HeatPump,air-to-air,electricity,heating_and_cooling,air_source_heat_pump,air_source_heat_pump,5.628833333333334,5.628833333333334,19.79577637741923,,,10.183,single stage,normal,True,True,True,True,True,95959__up01,30,0.8,10.88968618649401,3.9512263664771488,0.11840277777777769,1.9346257992764655,0.7019618689148993,24,7.43311935399541
95959,up02,cooling,HVAC Cooling Electric Power (kW),/mnt/datasets/resstock_2024/cosimulation/95959/up02/simulation_results_august/ochre.parquet,parquet,True,True,True,43200,0.3,43200.0,43200.0,720.0,12680.0,30520.0,0.2935185185185185,30.0,31.0,60.0,422.6666666666667,760.0,984.516129032258,5371.0,266.591048455483,0.3702653450770597,4.695745710915215,ok,,HeatPump,air-to-air,electricity,heating_and_cooling,air_source_heat_pump,air_source_heat_pump,10.65,10.65,37.45447874091993,,,10.183,variable speed,normal,True,True,True,True,True,95959__up02,30,0.8333333333333334,7.8883928332335564,1.4324122495393017,0.3378472222222222,0.7406941627449348,0.1344988027736433,25,0.2526315789473684
97611,up02,cooling,HVAC Cooling Electric Power (kW),/mnt/datasets/resstock_2024/cosimulation/97611/up02/simulation_results_august/ochre.parquet,parquet,True,True,True,43200,0.3,43200.0,43200.0,720.0,12815.0,30385.0,0.2966435185185185,35.0,36.0,70.0,366.1428571428572,743.0,844.0277777777778,5508.0,270.01420273058454,0.3750197260147007,4.525883885821441,ok,,HeatPump,air-to-air,electricity,heating_and_cooling,air_source_heat_pump,air_source_heat_pump,9.175166666666666,9.175166666666666,32.26770749869144,,,8.77275,variable speed,normal,True,True,True,True,True,97611__up02,30,0.8333333333333334,8.407903877308994,1.5057106982239845,0.3614583333333333,0.9163761469156595,0.1641071767877769,25,0.2272727272727272
99829,up02,cooling,HVAC Cooling Electric Power (kW),/mnt/datasets/resstock_2024/cosimulation/99829/up02/simulation_results_august/ochre.parquet,parquet,True,True,True,43200,0.3,43200.0,43200.0,720.0,7615.0,35585.0,0.1762731481481481,20.0,21.0,40.0,380.75,600.0,1694.5238095238096,7003.0,101.99170718412311,0.1416551488668376,1.910339477223345,ok,,HeatPump,air-to-air,electricity,heating_and_cooling,air_source_heat_pump,air_source_heat_pump,5.454583333333333,5.454583333333333,19.18296483557836,,,5.215416666666667,variable speed,normal,True,True,True,True,True,99829__up02,30,0.6666666666666666,2.8967049722182816,0.5379280165732473,0.20034722222222218,0.5310588903310578,0.0986194515144598,20,0.3333333333333333
