building_id,home_xml_path,system_identifier,element_type,equipment_type,compressor_type,fuel,analysis_class,heating_capacity_btu_hr,heating_capacity_tons,heating_capacity_kw_thermal,backup_heating_capacity_btu_hr,backup_heating_capacity_tons,backup_heating_capacity_kw_thermal,backup_fuel,backup_system_type,ochre_equipment_name,ochre_fuel,ochre_capacity_w_thermal,ochre_capacity_kw_thermal,ochre_capacity_tons,ochre_eir,ochre_rated_efficiency,ochre_estimated_electric_kw,ochre_backup_capacity_w_thermal,ochre_backup_capacity_kw_thermal,ochre_backup_capacity_tons,ochre_backup_eir,ochre_estimated_backup_electric_kw,ochre_hp_lockout_c,ochre_backup_lockout_c,n_hvac_heating_records
178683,../load_profiles/cosimulation2/178683/up00/home.xml,HeatingSystem1,HeatingSystem,Boiler,,electricity,electric_heating_system_uncertain,1646.0,0.13716666666666666,0.4823949296365744,,,,,,Boiler,Electricity,482.3950488888889,0.4823950488888889,0.13716679667568674,1.0,1.0 AFUE,0.4823950488888889,,,,,,,,1
19520,../load_profiles/cosimulation2/19520/up00/home.xml,HeatingSystem1,HeatingSystem,Boiler,,electricity,electric_heating_system_uncertain,1779.0,0.14825,0.5213733777785333,,,,,,Boiler,Electricity,521.3735066666667,0.5213735066666667,0.14825014051400165,1.0,1.0 AFUE,0.5213735066666667,,,,,,,,1
67570,../load_profiles/cosimulation2/67570/up00/home.xml,HeatingSystem1,HeatingSystem,Boiler,,electricity,electric_heating_system_uncertain,1853.0,0.15441666666666667,0.5430606346394729,,,,,,Boiler,Electricity,543.0607688888889,0.5430607688888889,0.15441681302554527,1.0,1.0 AFUE,0.5430607688888889,,,,,,,,1
34237,../load_profiles/cosimulation2/34237/up00/home.xml,HeatingSystem1,HeatingSystem,Boiler,,electricity,electric_heating_system_uncertain,1965.0,0.16375,0.5758845909695435,,,,,,Boiler,Electricity,575.8847333333333,0.5758847333333333,0.16375015520517888,1.0,1.0 AFUE,0.5758847333333333,,,,,,,,1
369588,../load_profiles/cosimulation2/369588/up00/home.xml,HeatingSystem1,HeatingSystem,Boiler,,electricity,electric_heating_system_uncertain,2080.0,0.17333333333333334,0.6095877604155983,,,,,,Boiler,Electricity,609.5879111111111,0.6095879111111111,0.17333349762176695,1.0,1.0 AFUE,0.6095879111111111,,,,,,,,1
138598,../load_profiles/cosimulation2/138598/up00/home.xml,HeatingSystem1,HeatingSystem,Boiler,,electricity,electric_heating_system_uncertain,2199.0,0.18325,0.6444632140162982,,,,,,Boiler,Electricity,644.4633733333334,0.6444633733333334,0.18325017368762767,1.0,1.0 AFUE,0.6444633733333334,,,,,,,,1
257923,../load_profiles/cosimulation2/257923/up00/home.xml,HeatingSystem1,HeatingSystem,Boiler,,electricity,electric_heating_system_uncertain,2292.0,0.191,0.6717188206118034,,,,,,Boiler,Electricity,671.7189866666666,0.6717189866666666,0.19100018103321628,1.0,1.0 AFUE,0.6717189866666666,,,,,,,,1
504247,../load_profiles/cosimulation2/504247/up00/home.xml,HeatingSystem1,HeatingSystem,Boiler,,electricity,electric_heating_system_uncertain,2342.0,0.19516666666666665,0.6863723725448707,,,,,,Boiler,Electricity,686.3725422222223,0.6863725422222222,0.19516685164912415,1.0,1.0 AFUE,0.6863725422222222,,,,,,,,1
3747,../load_profiles/cosimulation2/3747/up00/home.xml,HeatingSystem1,HeatingSystem,Boiler,,electricity,electric_heating_system_uncertain,2460.0,0.205,0.7209547551069094,,,,,,Boiler,Electricity,720.9549333333333,0.7209549333333333,0.2050001943026667,1.0,1.0 AFUE,0.7209549333333333,,,,,,,,1
548581,../load_profiles/cosimulation2/548581/up00/home.xml,HeatingSystem1,HeatingSystem,Boiler,,electricity,electric_heating_system_uncertain,2603.0,0.21691666666666667,0.7628639136354818,,,,,,Boiler,Electricity,762.8641022222222,0.7628641022222222,0.21691687226416315,1.0,1.0 AFUE,0.7628641022222222,,,,,,,,1
312588,../load_profiles/cosimulation2/312588/up00/home.xml,HeatingSystem1,HeatingSystem,Boiler,,electricity,electric_heating_system_uncertain,2679.0,0.22325,0.7851373125737441,,,,,,Boiler,Electricity,785.1375066666667,0.7851375066666667,0.2232502116003431,1.0,1.0 AFUE,0.7851375066666667,,,,,,,,1
268659,../load_profiles/cosimulation2/268659/up00/home.xml,HeatingSystem1,HeatingSystem,Boiler,,electricity,electric_heating_system_uncertain,2701.0,0.22508333333333333,0.7915848754242937,,,,,,Boiler,Electricity,791.5850711111111,0.7915850711111111,0.2250835466713426,1.0,1.0 AFUE,0.7915850711111111,,,,,,,,1
232204,../load_profiles/cosimulation2/232204/up00/home.xml,HeatingSystem1,HeatingSystem,Boiler,,electricity,electric_heating_system_uncertain,2799.0,0.23325,0.8203058372131055,,,,,,Boiler,Electricity,820.30604,0.8203060400000001,0.233250221078522,1.0,1.0 AFUE,0.8203060400000001,,,,,,,,1
70065,../load_profiles/cosimulation2/70065/up00/home.xml,HeatingSystem1,HeatingSystem,Boiler,,electricity,electric_heating_system_uncertain,2813.0,0.23441666666666666,0.8244088317543643,,,,,,Boiler,Electricity,824.4090355555555,0.8244090355555556,0.23441688885097617,1.0,1.0 AFUE,0.8244090355555556,,,,,,,,1
472044,../load_profiles/cosimulation2/472044/up00/home.xml,HeatingSystem1,HeatingSystem,Boiler,,electricity,electric_heating_system_uncertain,2934.0,0.2445,0.8598704274323871,,,,,,Boiler,Electricity,859.87064,0.85987064,0.2445002317414732,1.0,1.0 AFUE,0.85987064,,,,,,,,1
51015,../load_profiles/cosimulation2/51015/up00/home.xml,HeatingSystem1,HeatingSystem,Boiler,,electricity,electric_heating_system_uncertain,3027.0,0.25225,0.8871260340278923,,,,,,Boiler,Electricity,887.1262533333334,0.8871262533333334,0.25225023908706184,1.0,1.0 AFUE,0.8871262533333334,,,,,,,,1
374308,../load_profiles/cosimulation2/374308/up00/home.xml,HeatingSystem1,HeatingSystem,Boiler,,electricity,electric_heating_system_uncertain,3046.0,0.25383333333333336,0.8926943837624578,,,,,,Boiler,Electricity,892.6946044444445,0.8926946044444445,0.25383357392110684,1.0,1.0 AFUE,0.8926946044444445,,,,,,,,1
180905,../load_profiles/cosimulation2/180905/up00/home.xml,HeatingSystem1,HeatingSystem,Boiler,,electricity,electric_heating_system_uncertain,3092.0,0.25766666666666665,0.9061756515408796,,,,,,Boiler,Electricity,906.1758755555555,0.9061758755555556,0.257666910887742,1.0,1.0 AFUE,0.9061758755555556,,,,,,,,1
79776,../load_profiles/cosimulation2/79776/up00/home.xml,HeatingSystem1,HeatingSystem,Boiler,,electricity,electric_heating_system_uncertain,3142.0,0.2618333333333333,0.9208292034739469,,,,,,Boiler,Electricity,920.8294311111111,0.9208294311111112,0.2618335815036499,1.0,1.0 AFUE,0.9208294311111112,,,,,,,,1
521426,../load_profiles/cosimulation2/521426/up00/home.xml,HeatingSystem1,HeatingSystem,Boiler,,electricity,electric_heating_system_uncertain,3245.0,0.2704166666666667,0.9510155204560655,,,,,,Boiler,Electricity,951.0157555555555,0.9510157555555555,0.2704169229724201,1.0,1.0 AFUE,0.9510157555555555,,,,,,,,1
160621,../load_profiles/cosimulation2/160621/up00/home.xml,HeatingSystem1,HeatingSystem,Boiler,,electricity,electric_heating_system_uncertain,3568.0,0.29733333333333334,1.04567746594368,,,,,,Boiler,Electricity,1045.6777244444445,1.0456777244444444,0.2973336151511849,1.0,1.0 AFUE,1.0456777244444444,,,,,,,,1
371350,../load_profiles/cosimulation2/371350/up00/home.xml,HeatingSystem1,HeatingSystem,Boiler,,electricity,electric_heating_system_uncertain,3718.0,0.30983333333333335,1.0896381217428819,,,,,,Boiler,Electricity,1089.638391111111,1.0896383911111112,0.30983362699890843,1.0,1.0 AFUE,1.0896383911111112,,,,,,,,1
207153,../load_profiles/cosimulation2/207153/up00/home.xml,HeatingSystem1,HeatingSystem,Boiler,,electricity,electric_heating_system_uncertain,3776.0,0.31466666666666665,1.1066362419852398,,,,,,Boiler,Electricity,1106.6365155555557,1.1066365155555558,0.3146669649133616,1.0,1.0 AFUE,1.1066365155555558,,,,,,,,1
325082,../load_profiles/cosimulation2/325082/up00/home.xml,HeatingSystem1,HeatingSystem,Boiler,,electricity,electric_heating_system_uncertain,3777.0,0.31475,1.106929313023901,,,,,,Boiler,Electricity,1106.9295866666666,1.1069295866666666,0.3147502983256797,1.0,1.0 AFUE,1.1069295866666666,,,,,,,,1
56993,../load_profiles/cosimulation2/56993/up00/home.xml,HeatingSystem1,HeatingSystem,Boiler,,electricity,electric_heating_system_uncertain,3798.0,0.3165,1.1130838048357894,,,,,,Boiler,Electricity,1113.08408,1.1130840800000001,0.316500299984361,1.0,1.0 AFUE,1.1130840800000001,,,,,,,,1
161950,../load_profiles/cosimulation2/161950/up00/home.xml,HeatingSystem1,HeatingSystem,Boiler,,electricity,electric_heating_system_uncertain,4015.0,0.33458333333333334,1.1766802202253013,,,,,,Boiler,Electricity,1176.6805111111112,1.1766805111111112,0.3345836504574011,1.0,1.0 AFUE,1.1766805111111112,,,,,,,,1
447201,../load_profiles/cosimulation2/447201/up00/home.xml,HeatingSystem1,HeatingSystem,Boiler,,electricity,electric_heating_system_uncertain,4169.0,0.34741666666666665,1.2218131601791484,,,,,,Boiler,Electricity,1221.8134622222221,1.221813462222222,0.3474169959543973,1.0,1.0 AFUE,1.221813462222222,,,,,,,,1
486906,../load_profiles/cosimulation2/486906/up00/home.xml,HeatingSystem1,HeatingSystem,Boiler,,electricity,electric_heating_system_uncertain,4255.0,0.3545833333333333,1.2470172695040243,,,,,,Boiler,Electricity,1247.017577777778,1.2470175777777779,0.3545836694137589,1.0,1.0 AFUE,1.2470175777777779,,,,,,,,1
442093,../load_profiles/cosimulation2/442093/up00/home.xml,HeatingSystem1,HeatingSystem,Boiler,,electricity,electric_heating_system_uncertain,4409.0,0.36741666666666667,1.2921502094578714,,,,,,Boiler,Electricity,1292.1505288888889,1.2921505288888888,0.36741701491075507,1.0,1.0 AFUE,1.2921505288888888,,,,,,,,1
526358,../load_profiles/cosimulation2/526358/up00/home.xml,HeatingSystem1,HeatingSystem,Boiler,,electricity,electric_heating_system_uncertain,4543.0,0.3785833333333333,1.3314217286384917,,,,,,Boiler,Electricity,1331.4220577777778,1.3314220577777778,0.37858369216138815,1.0,1.0 AFUE,1.3314220577777778,,,,,,,,1
77532,../load_profiles/cosimulation2/77532/up00/home.xml,HeatingSystem1,HeatingSystem,Boiler,,electricity,electric_heating_system_uncertain,4682.0,0.39016666666666666,1.3721586030124187,,,,,,Boiler,Electricity,1372.1589422222223,1.3721589422222222,0.390167036473612,1.0,1.0 AFUE,1.3721589422222222,,,,,,,,1
96730,../load_profiles/cosimulation2/96730/up00/home.xml,HeatingSystem1,HeatingSystem,Boiler,,electricity,electric_heating_system_uncertain,4785.0,0.39875,1.4023449199945373,,,,,,Boiler,Electricity,1402.3452666666667,1.4023452666666667,0.39875037794238216,1.0,1.0 AFUE,1.4023452666666667,,,,,,,,1
342391,../load_profiles/cosimulation2/342391/up00/home.xml,HeatingSystem1,HeatingSystem,Boiler,,electricity,electric_heating_system_uncertain,4899.0,0.40825,1.4357550184019305,,,,,,Boiler,Electricity,1435.7553733333334,1.4357553733333335,0.4082503869466521,1.0,1.0 AFUE,1.4357553733333335,,,,,,,,1
116314,../load_profiles/cosimulation2/116314/up00/home.xml,HeatingSystem1,HeatingSystem,Boiler,,electricity,electric_heating_system_uncertain,4924.0,0.4103333333333333,1.4430817943684642,,,,,,Boiler,Electricity,1443.0821511111112,1.4430821511111112,0.410333722254606,1.0,1.0 AFUE,1.4430821511111112,,,,,,,,1
202347,../load_profiles/cosimulation2/202347/up00/home.xml,HeatingSystem1,HeatingSystem,Boiler,,electricity,electric_heating_system_uncertain,5045.0,0.42041666666666666,1.478543390046487,,,,,,Boiler,Electricity,1478.5437555555557,1.4785437555555556,0.4204170651451031,1.0,1.0 AFUE,1.4785437555555556,,,,,,,,1
33042,../load_profiles/cosimulation2/33042/up00/home.xml,HeatingSystem1,HeatingSystem,Boiler,,electricity,electric_heating_system_uncertain,5077.0,0.4230833333333333,1.48792166328365,,,,,,Boiler,Electricity,1487.9220311111112,1.4879220311111112,0.4230837343392841,1.0,1.0 AFUE,1.4879220311111112,,,,,,,,1
375549,../load_profiles/cosimulation2/375549/up00/home.xml,HeatingSystem1,HeatingSystem,Boiler,,electricity,electric_heating_system_uncertain,5258.0,0.43816666666666665,1.5409675212813536,,,,,,Boiler,Electricity,1540.9679022222222,1.5409679022222222,0.4381670819688705,1.0,1.0 AFUE,1.5409679022222222,,,,,,,,1
180140,../load_profiles/cosimulation2/180140/up00/home.xml,HeatingSystem1,HeatingSystem,Boiler,,electricity,electric_heating_system_uncertain,5419.0,0.45158333333333334,1.5881519585058301,,,,,,Boiler,Electricity,1588.152351111111,1.588152351111111,0.4515837613520938,1.0,1.0 AFUE,1.588152351111111,,,,,,,,1
39417,../load_profiles/cosimulation2/39417/up00/home.xml,HeatingSystem1,HeatingSystem,Boiler,,electricity,electric_heating_system_uncertain,5425.0,0.45208333333333334,1.5899103847377982,,,,,,Boiler,Electricity,1589.9107777777779,1.589910777777778,0.4520837618260028,1.0,1.0 AFUE,1.589910777777778,,,,,,,,1
281322,../load_profiles/cosimulation2/281322/up00/home.xml,HeatingSystem1,HeatingSystem,Boiler,,electricity,electric_heating_system_uncertain,5464.0,0.4553333333333333,1.6013401552455906,,,,,,Boiler,Electricity,1601.3405511111112,1.6013405511111112,0.4553337649064109,1.0,1.0 AFUE,1.6013405511111112,,,,,,,,1
21000,../load_profiles/cosimulation2/21000/up00/home.xml,HeatingSystem1,HeatingSystem,Boiler,,electricity,electric_heating_system_uncertain,5555.0,0.46291666666666664,1.628009619763773,,,,,,Boiler,Electricity,1628.0100222222222,1.6280100222222222,0.4629171054273632,1.0,1.0 AFUE,1.6280100222222222,,,,,,,,1
383710,../load_profiles/cosimulation2/383710/up00/home.xml,HeatingSystem1,HeatingSystem,Boiler,,electricity,electric_heating_system_uncertain,5635.0,0.46958333333333335,1.6514553028566807,,,,,,Boiler,Electricity,1651.4557111111112,1.6514557111111112,0.4695837784128158,1.0,1.0 AFUE,1.6514557111111112,,,,,,,,1
71306,../load_profiles/cosimulation2/71306/up00/home.xml,HeatingSystem1,HeatingSystem,Boiler,,electricity,electric_heating_system_uncertain,5665.0,0.47208333333333335,1.6602474340165212,,,,,,Boiler,Electricity,1660.2478444444446,1.6602478444444446,0.4720837807823605,1.0,1.0 AFUE,1.6602478444444446,,,,,,,,1
212498,../load_profiles/cosimulation2/212498/up00/home.xml,HeatingSystem1,HeatingSystem,Boiler,,electricity,electric_heating_system_uncertain,5685.0,0.47375,1.666108854789748,,,,,,Boiler,Electricity,1666.1092666666666,1.6661092666666666,0.4737504490287236,1.0,1.0 AFUE,1.6661092666666666,,,,,,,,1
163514,../load_profiles/cosimulation2/163514/up00/home.xml,HeatingSystem1,HeatingSystem,Boiler,,electricity,electric_heating_system_uncertain,5708.0,0.4756666666666667,1.6728494886789589,,,,,,Boiler,Electricity,1672.8499022222222,1.6728499022222223,0.47566711751204127,1.0,1.0 AFUE,1.6728499022222223,,,,,,,,1
200359,../load_profiles/cosimulation2/200359/up00/home.xml,HeatingSystem1,HeatingSystem,Boiler,,electricity,electric_heating_system_uncertain,5823.0,0.48525,1.7065526581250137,,,,,,Boiler,Electricity,1706.5530800000001,1.7065530800000002,0.48525045992862936,1.0,1.0 AFUE,1.7065530800000002,,,,,,,,1
317613,../load_profiles/cosimulation2/317613/up00/home.xml,HeatingSystem1,HeatingSystem,Boiler,,electricity,electric_heating_system_uncertain,5824.0,0.48533333333333334,1.706845729163675,,,,,,Boiler,Electricity,1706.846151111111,1.706846151111111,0.4853337933409475,1.0,1.0 AFUE,1.706846151111111,,,,,,,,1
467023,../load_profiles/cosimulation2/467023/up00/home.xml,HeatingSystem1,HeatingSystem,Boiler,,electricity,electric_heating_system_uncertain,5902.0,0.49183333333333334,1.72970527017926,,,,,,Boiler,Electricity,1729.705697777778,1.7297056977777778,0.49183379950176376,1.0,1.0 AFUE,1.7297056977777778,,,,,,,,1
424404,../load_profiles/cosimulation2/424404/up00/home.xml,HeatingSystem1,HeatingSystem,Boiler,,electricity,electric_heating_system_uncertain,5930.0,0.49416666666666664,1.7379112592617776,,,,,,Boiler,Electricity,1737.9116888888889,1.7379116888888888,0.49416713504667215,1.0,1.0 AFUE,1.7379116888888888,,,,,,,,1
20835,../load_profiles/cosimulation2/20835/up00/home.xml,HeatingSystem1,HeatingSystem,Boiler,,electricity,electric_heating_system_uncertain,5933.0,0.49441666666666667,1.7387904723777616,,,,,,Boiler,Electricity,1738.7909022222223,1.7387909022222223,0.49441713528362663,1.0,1.0 AFUE,1.7387909022222223,,,,,,,,1
213525,../load_profiles/cosimulation2/213525/up00/home.xml,HeatingSystem1,HeatingSystem,Boiler,,electricity,electric_heating_system_uncertain,6229.0,0.5190833333333333,1.8255394998215198,,,,,,Boiler,Electricity,1825.5399511111111,1.8255399511111112,0.5190838253298011,1.0,1.0 AFUE,1.8255399511111112,,,,,,,,1
76011,../load_profiles/cosimulation2/76011/up00/home.xml,HeatingSystem1,HeatingSystem,Boiler,,electricity,electric_heating_system_uncertain,6256.0,0.5213333333333333,1.8334524178653762,,,,,,Boiler,Electricity,1833.452871111111,1.833452871111111,0.5213338274623914,1.0,1.0 AFUE,1.833452871111111,,,,,,,,1
186586,../load_profiles/cosimulation2/186586/up00/home.xml,HeatingSystem1,HeatingSystem,Boiler,,electricity,electric_heating_system_uncertain,6375.0,0.53125,1.8683278714660763,,,,,,Boiler,Electricity,1868.3283333333334,1.8683283333333334,0.5312505035282521,1.0,1.0 AFUE,1.8683283333333334,,,,,,,,1
5640,../load_profiles/cosimulation2/5640/up00/home.xml,HeatingSystem1,HeatingSystem,Boiler,,electricity,electric_heating_system_uncertain,6940.0,0.5783333333333334,2.0339130083097365,,,,,,Boiler,Electricity,2033.9135111111111,2.0339135111111113,0.5783338814880109,1.0,1.0 AFUE,2.0339135111111113,,,,,,,,1
326870,../load_profiles/cosimulation2/326870/up00/home.xml,HeatingSystem1,HeatingSystem,Boiler,,electricity,electric_heating_system_uncertain,7474.0,0.6228333333333333,2.190412942954895,,,,,,Boiler,Electricity,2190.4134844444443,2.1904134844444445,0.6228339236659068,1.0,1.0 AFUE,2.1904134844444445,,,,,,,,1
536626,../load_profiles/cosimulation2/536626/up00/home.xml,HeatingSystem1,HeatingSystem,Boiler,,electricity,electric_heating_system_uncertain,7481.0,0.6234166666666666,2.1924644402255242,,,,,,Boiler,Electricity,2192.4649822222223,2.1924649822222224,0.623417257552134,1.0,1.0 AFUE,2.1924649822222224,,,,,,,,1
385240,../load_profiles/cosimulation2/385240/up00/home.xml,HeatingSystem1,HeatingSystem,Boiler,,electricity,electric_heating_system_uncertain,7583.0,0.6319166666666667,2.2223576861689813,,,,,,Boiler,Electricity,2222.3582355555554,2.2223582355555553,0.631917265608586,1.0,1.0 AFUE,2.2223582355555553,,,,,,,,1
160794,../load_profiles/cosimulation2/160794/up00/home.xml,HeatingSystem1,HeatingSystem,Boiler,,electricity,electric_heating_system_uncertain,7601.0,0.6334166666666666,2.2276329648648856,,,,,,Boiler,Electricity,2227.6335155555557,2.2276335155555556,0.6334172670303129,1.0,1.0 AFUE,2.2276335155555556,,,,,,,,1
366324,../load_profiles/cosimulation2/366324/up00/home.xml,HeatingSystem1,HeatingSystem,Boiler,,electricity,electric_heating_system_uncertain,7827.0,0.65225,2.2938670196023496,,,,,,Boiler,Electricity,2293.8675866666667,2.293867586666667,0.6522506182142164,1.0,1.0 AFUE,2.293867586666667,,,,,,,,1
547509,../load_profiles/cosimulation2/547509/up00/home.xml,HeatingSystem1,HeatingSystem,Boiler,,electricity,electric_heating_system_uncertain,7862.0,0.6551666666666667,2.304124505955497,,,,,,Boiler,Electricity,2304.1250755555557,2.3041250755555556,0.6551672876453519,1.0,1.0 AFUE,2.3041250755555556,,,,,,,,1
75814,../load_profiles/cosimulation2/75814/up00/home.xml,HeatingSystem1,HeatingSystem,Boiler,,electricity,electric_heating_system_uncertain,7865.0,0.6554166666666666,2.3050037190714807,,,,,,Boiler,Electricity,2305.004288888889,2.3050042888888886,0.6554172878823062,1.0,1.0 AFUE,2.3050042888888886,,,,,,,,1
188714,../load_profiles/cosimulation2/188714/up00/home.xml,HeatingSystem1,HeatingSystem,Boiler,,electricity,electric_heating_system_uncertain,7900.0,0.6583333333333333,2.315261205424628,,,,,,Boiler,Electricity,2315.2617777777778,2.3152617777777778,0.6583339573134418,1.0,1.0 AFUE,2.3152617777777778,,,,,,,,1
332426,../load_profiles/cosimulation2/332426/up00/home.xml,HeatingSystem1,HeatingSystem,Boiler,,electricity,electric_heating_system_uncertain,8031.0,0.66925,2.353653511489264,,,,,,Boiler,Electricity,2353.6540933333335,2.3536540933333336,0.6692506343271205,1.0,1.0 AFUE,2.3536540933333336,,,,,,,,1
255151,../load_profiles/cosimulation2/255151/up00/home.xml,HeatingSystem1,HeatingSystem,Boiler,,electricity,electric_heating_system_uncertain,8047.0,0.6705833333333333,2.3583426481078456,,,,,,Boiler,Electricity,2358.343231111111,2.3583432311111108,0.6705839689242109,1.0,1.0 AFUE,2.3583432311111108,,,,,,,,1
214635,../load_profiles/cosimulation2/214635/up00/home.xml,HeatingSystem1,HeatingSystem,Boiler,,electricity,electric_heating_system_uncertain,8220.0,0.685,2.4090439377962585,,,,,,Boiler,Electricity,2409.044533333333,2.4090445333333332,0.6850006492552521,1.0,1.0 AFUE,2.4090445333333332,,,,,,,,1
320911,../load_profiles/cosimulation2/320911/up00/home.xml,HeatingSystem1,HeatingSystem,Boiler,,electricity,electric_heating_system_uncertain,8796.0,0.733,2.577852856065193,,,,,,Boiler,Electricity,2577.8534933333335,2.5778534933333335,0.7330006947505107,1.0,1.0 AFUE,2.5778534933333335,,,,,,,,1
145155,../load_profiles/cosimulation2/145155/up00/home.xml,HeatingSystem1,HeatingSystem,Boiler,,electricity,electric_heating_system_uncertain,8802.0,0.7335,2.579611282297161,,,,,,Boiler,Electricity,2579.61192,2.5796119199999996,0.7335006952244195,1.0,1.0 AFUE,2.5796119199999996,,,,,,,,1
101271,../load_profiles/cosimulation2/101271/up00/home.xml,HeatingSystem1,HeatingSystem,Boiler,,electricity,electric_heating_system_uncertain,8850.0,0.7375,2.593678692152906,,,,,,Boiler,Electricity,2593.6793333333335,2.5936793333333337,0.7375006990156912,1.0,1.0 AFUE,2.5936793333333337,,,,,,,,1
391475,../load_profiles/cosimulation2/391475/up00/home.xml,HeatingSystem1,HeatingSystem,Boiler,,electricity,electric_heating_system_uncertain,9170.0,0.7641666666666667,2.6874614245245363,,,,,,Boiler,Electricity,2687.462088888889,2.687462088888889,0.7641673909575014,1.0,1.0 AFUE,2.687462088888889,,,,,,,,1
87641,../load_profiles/cosimulation2/87641/up00/home.xml,HeatingSystem1,HeatingSystem,Boiler,,electricity,electric_heating_system_uncertain,9273.0,0.77275,2.717647741506655,,,,,,Boiler,Electricity,2717.6484133333333,2.7176484133333334,0.7727507324262717,1.0,1.0 AFUE,2.7176484133333334,,,,,,,,1
294616,../load_profiles/cosimulation2/294616/up00/home.xml,HeatingSystem1,HeatingSystem,Boiler,,electricity,electric_heating_system_uncertain,9377.0,0.7814166666666666,2.7481271295274348,,,,,,Boiler,Electricity,2748.127808888889,2.748127808888889,0.78141740730736,1.0,1.0 AFUE,2.748127808888889,,,,,,,,1
120387,../load_profiles/cosimulation2/120387/up00/home.xml,HeatingSystem1,HeatingSystem,Boiler,,electricity,electric_heating_system_uncertain,9727.0,0.8105833333333333,2.8507019930589057,,,,,,Boiler,Electricity,2850.7026977777778,2.850702697777778,0.810584101618715,1.0,1.0 AFUE,2.850702697777778,,,,,,,,1
326744,../load_profiles/cosimulation2/326744/up00/home.xml,HeatingSystem1,HeatingSystem,Boiler,,electricity,electric_heating_system_uncertain,9727.0,0.8105833333333333,2.8507019930589057,,,,,,Boiler,Electricity,2850.7026977777778,2.850702697777778,0.810584101618715,1.0,1.0 AFUE,2.850702697777778,,,,,,,,1
147201,../load_profiles/cosimulation2/147201/up00/home.xml,HeatingSystem1,HeatingSystem,Boiler,,electricity,electric_heating_system_uncertain,10094.0,0.8411666666666666,2.958259064247619,,,,,,Boiler,Electricity,2958.2597955555557,2.9582597955555556,0.8411674639394787,1.0,1.0 AFUE,2.9582597955555556,,,,,,,,1
87382,../load_profiles/cosimulation2/87382/up00/home.xml,HeatingSystem1,HeatingSystem,Boiler,,electricity,electric_heating_system_uncertain,10158.0,0.8465,2.9770156107219456,,,,,,Boiler,Electricity,2977.016346666667,2.977016346666667,0.8465008023278408,1.0,1.0 AFUE,2.977016346666667,,,,,,,,1
177055,../load_profiles/cosimulation2/177055/up00/home.xml,HeatingSystem1,HeatingSystem,Boiler,,electricity,electric_heating_system_uncertain,10314.0,0.8595,3.0227346927531156,,,,,,Boiler,Electricity,3022.73544,3.02273544,0.8595008146494733,1.0,1.0 AFUE,3.02273544,,,,,,,,1
187113,../load_profiles/cosimulation2/187113/up00/home.xml,HeatingSystem1,HeatingSystem,Boiler,,electricity,electric_heating_system_uncertain,10461.0,0.87175,3.065816135436333,,,,,,Boiler,Electricity,3065.816893333333,3.065816893333333,0.8717508262602424,1.0,1.0 AFUE,3.065816893333333,,,,,,,,1
107179,../load_profiles/cosimulation2/107179/up00/home.xml,HeatingSystem1,HeatingSystem,Boiler,,electricity,electric_heating_system_uncertain,10495.0,0.8745833333333334,3.0757805507508187,,,,,,Boiler,Electricity,3075.7813111111113,3.075781311111111,0.8745841622790598,1.0,1.0 AFUE,3.075781311111111,,,,,,,,1
70115,../load_profiles/cosimulation2/70115/up00/home.xml,HeatingSystem1,HeatingSystem,Boiler,,electricity,electric_heating_system_uncertain,10887.0,0.90725,3.1906643979060663,,,,,,Boiler,Electricity,3190.6651866666666,3.1906651866666667,0.9072508599077773,1.0,1.0 AFUE,3.1906651866666667,,,,,,,,1
388945,../load_profiles/cosimulation2/388945/up00/home.xml,HeatingSystem1,HeatingSystem,Boiler,,electricity,electric_heating_system_uncertain,11135.0,0.9279166666666666,3.2633460154940797,,,,,,Boiler,Electricity,3263.3468222222223,3.263346822222222,0.9279175461626803,1.0,1.0 AFUE,3.263346822222222,,,,,,,,1
222525,../load_profiles/cosimulation2/222525/up00/home.xml,HeatingSystem1,HeatingSystem,Boiler,,electricity,electric_heating_system_uncertain,11224.0,0.9353333333333333,3.2894293379349397,,,,,,Boiler,Electricity,3289.430151111111,3.289430151111111,0.9353342198589963,1.0,1.0 AFUE,3.289430151111111,,,,,,,,1
353884,../load_profiles/cosimulation2/353884/up00/home.xml,HeatingSystem1,HeatingSystem,Boiler,,electricity,electric_heating_system_uncertain,11317.0,0.9430833333333334,3.3166849445304445,,,,,,Boiler,Electricity,3316.6857644444444,3.3166857644444443,0.943084227204585,1.0,1.0 AFUE,3.3166857644444443,,,,,,,,1
279611,../load_profiles/cosimulation2/279611/up00/home.xml,HeatingSystem1,HeatingSystem,Boiler,,electricity,electric_heating_system_uncertain,11365.0,0.9470833333333334,3.330752354386189,,,,,,Boiler,Electricity,3330.7531777777776,3.3307531777777775,0.9470842309958565,1.0,1.0 AFUE,3.3307531777777775,,,,,,,,1
460290,../load_profiles/cosimulation2/460290/up00/home.xml,HeatingSystem1,HeatingSystem,Boiler,,electricity,electric_heating_system_uncertain,11466.0,0.9555,3.360352529290985,,,,,,Boiler,Electricity,3360.35336,3.36035336,0.9555009056399903,1.0,1.0 AFUE,3.36035336,,,,,,,,1
476656,../load_profiles/cosimulation2/476656/up00/home.xml,HeatingSystem1,HeatingSystem,Boiler,,electricity,electric_heating_system_uncertain,11516.0,0.9596666666666667,3.3750060812240523,,,,,,Boiler,Electricity,3375.0069155555557,3.3750069155555558,0.9596675762558983,1.0,1.0 AFUE,3.3750069155555558,,,,,,,,1
427498,../load_profiles/cosimulation2/427498/up00/home.xml,HeatingSystem1,HeatingSystem,Boiler,,electricity,electric_heating_system_uncertain,11682.0,0.9735,3.423655873641836,,,,,,Boiler,Electricity,3423.65672,3.42365672,0.9735009227007123,1.0,1.0 AFUE,3.42365672,,,,,,,,1
214704,../load_profiles/cosimulation2/214704/up00/home.xml,HeatingSystem1,HeatingSystem,Boiler,,electricity,electric_heating_system_uncertain,11736.0,0.978,3.4394817097295483,,,,,,Boiler,Electricity,3439.48256,3.43948256,0.9780009269658928,1.0,1.0 AFUE,3.43948256,,,,,,,,1
121009,../load_profiles/cosimulation2/121009/up00/home.xml,HeatingSystem1,HeatingSystem,Boiler,,electricity,electric_heating_system_uncertain,11867.0,0.9889166666666667,3.4778740157941845,,,,,,Boiler,Electricity,3477.8748755555557,3.4778748755555555,0.9889176039795714,1.0,1.0 AFUE,3.4778748755555555,,,,,,,,1
348563,../load_profiles/cosimulation2/348563/up00/home.xml,HeatingSystem1,HeatingSystem,Boiler,,electricity,electric_heating_system_uncertain,11921.0,0.9934166666666666,3.4936998518818974,,,,,,Boiler,Electricity,3493.7007155555557,3.4937007155555557,0.9934176082447519,1.0,1.0 AFUE,3.4937007155555557,,,,,,,,1
336907,../load_profiles/cosimulation2/336907/up00/home.xml,HeatingSystem1,HeatingSystem,Boiler,,electricity,electric_heating_system_uncertain,11954.0,0.9961666666666666,3.5033711961577216,,,,,,Boiler,Electricity,3503.372062222222,3.503372062222222,0.996167610851251,1.0,1.0 AFUE,3.503372062222222,,,,,,,,1
56041,../load_profiles/cosimulation2/56041/up00/home.xml,HeatingSystem1,HeatingSystem,Boiler,,electricity,electric_heating_system_uncertain,12135.0,1.01125,3.556417054155425,,,,,,Boiler,Electricity,3556.417933333333,3.556417933333333,1.0112509584808376,1.0,1.0 AFUE,3.556417933333333,,,,,,,,1
147050,../load_profiles/cosimulation2/147050/up00/home.xml,HeatingSystem1,HeatingSystem,Boiler,,electricity,electric_heating_system_uncertain,12142.0,1.0118333333333334,3.5584685514260546,,,,,,Boiler,Electricity,3558.469431111111,3.558469431111111,1.0118342923670647,1.0,1.0 AFUE,3.558469431111111,,,,,,,,1
352244,../load_profiles/cosimulation2/352244/up00/home.xml,HeatingSystem1,HeatingSystem,Boiler,,electricity,electric_heating_system_uncertain,12457.0,1.0380833333333332,3.6507859286043782,,,,,,Boiler,Electricity,3650.786831111111,3.650786831111111,1.038084317247284,1.0,1.0 AFUE,3.650786831111111,,,,,,,,1
487574,../load_profiles/cosimulation2/487574/up00/home.xml,HeatingSystem1,HeatingSystem,Boiler,,electricity,electric_heating_system_uncertain,12556.0,1.0463333333333333,3.6797999614318515,,,,,,Boiler,Electricity,3679.800871111111,3.679800871111111,1.0463343250667816,1.0,1.0 AFUE,3.679800871111111,,,,,,,,1
43786,../load_profiles/cosimulation2/43786/up00/home.xml,HeatingSystem1,HeatingSystem,Boiler,,electricity,electric_heating_system_uncertain,12662.0,1.0551666666666666,3.710865491529954,,,,,,Boiler,Electricity,3710.866408888889,3.710866408888889,1.0551676667725065,1.0,1.0 AFUE,3.710866408888889,,,,,,,,1
427058,../load_profiles/cosimulation2/427058/up00/home.xml,HeatingSystem1,HeatingSystem,Boiler,,electricity,electric_heating_system_uncertain,12728.0,1.0606666666666666,3.7302081800816027,,,,,,Boiler,Electricity,3730.209102222222,3.730209102222222,1.0606676719855046,1.0,1.0 AFUE,3.730209102222222,,,,,,,,1
50234,../load_profiles/cosimulation2/50234/up00/home.xml,HeatingSystem1,HeatingSystem,Boiler,,electricity,electric_heating_system_uncertain,12794.0,1.0661666666666667,3.7495508686332517,,,,,,Boiler,Electricity,3749.5517955555556,3.7495517955555555,1.0661676771985031,1.0,1.0 AFUE,3.7495517955555555,,,,,,,,1
417636,../load_profiles/cosimulation2/417636/up00/home.xml,HeatingSystem1,HeatingSystem,Boiler,,electricity,electric_heating_system_uncertain,12863.0,1.0719166666666666,3.7697727703008845,,,,,,Boiler,Electricity,3769.7737022222223,3.7697737022222224,1.071917682648456,1.0,1.0 AFUE,3.7697737022222224,,,,,,,,1
2531,../load_profiles/cosimulation2/2531/up00/home.xml,HeatingSystem1,HeatingSystem,Boiler,,electricity,electric_heating_system_uncertain,13243.0,1.1035833333333334,3.881139764992196,,,,,,Boiler,Electricity,3881.1407244444445,3.8811407244444442,1.1035843793293556,1.0,1.0 AFUE,3.8811407244444442,,,,,,,,1
77356,../load_profiles/cosimulation2/77356/up00/home.xml,HeatingSystem1,HeatingSystem,Boiler,,electricity,electric_heating_system_uncertain,13387.0,1.1155833333333334,3.9233419945594292,,,,,,Boiler,Electricity,3923.3429644444445,3.9233429644444446,1.1155843907031704,1.0,1.0 AFUE,3.9233429644444446,,,,,,,,1
327617,../load_profiles/cosimulation2/327617/up00/home.xml,HeatingSystem1,HeatingSystem,Boiler,,electricity,electric_heating_system_uncertain,14311.0,1.1925833333333333,4.194139634282513,,,,,,Boiler,Electricity,4194.140671111111,4.1941406711111116,1.1925844636851477,1.0,1.0 AFUE,4.1941406711111116,,,,,,,,1
330193,../load_profiles/cosimulation2/330193/up00/home.xml,HeatingSystem1,HeatingSystem,Boiler,,electricity,electric_heating_system_uncertain,14420.0,1.2016666666666667,4.2260843774965995,,,,,,Boiler,Electricity,4226.085422222222,4.226085422222223,1.2016678056278267,1.0,1.0 AFUE,4.226085422222223,,,,,,,,1
177213,../load_profiles/cosimulation2/177213/up00/home.xml,HeatingSystem1,HeatingSystem,Boiler,,electricity,electric_heating_system_uncertain,14508.0,1.209,4.251874628898798,,,,,,Boiler,Electricity,4251.87568,4.25187568,1.2090011459118246,1.0,1.0 AFUE,4.25187568,,,,,,,,1
368109,../load_profiles/cosimulation2/368109/up00/home.xml,HeatingSystem1,HeatingSystem,Boiler,,electricity,electric_heating_system_uncertain,14925.0,1.24375,4.374085252020579,,,,,,Boiler,Electricity,4374.086333333334,4.3740863333333335,1.243751178848496,1.0,1.0 AFUE,4.3740863333333335,,,,,,,,1
191639,../load_profiles/cosimulation2/191639/up00/home.xml,HeatingSystem1,HeatingSystem,Boiler,,electricity,electric_heating_system_uncertain,15644.0,1.3036666666666668,4.584803328818086,,,,,,Boiler,Electricity,4584.804462222222,4.584804462222222,1.303667902305251,1.0,1.0 AFUE,4.584804462222222,,,,,,,,1
423828,../load_profiles/cosimulation2/423828/up00/home.xml,HeatingSystem1,HeatingSystem,Boiler,,electricity,electric_heating_system_uncertain,16174.0,1.3478333333333334,4.740130979308598,,,,,,Boiler,Electricity,4740.132151111111,4.740132151111111,1.3478346108338743,1.0,1.0 AFUE,4.740132151111111,,,,,,,,1
125752,../load_profiles/cosimulation2/125752/up00/home.xml,HeatingSystem1,HeatingSystem,Boiler,,electricity,electric_heating_system_uncertain,16536.0,1.378,4.8462226953040055,,,,,,Boiler,Electricity,4846.223893333334,4.846223893333334,1.3780013060930474,1.0,1.0 AFUE,4.846223893333334,,,,,,,,1
485873,../load_profiles/cosimulation2/485873/up00/home.xml,HeatingSystem1,HeatingSystem,Boiler,,electricity,electric_heating_system_uncertain,16553.0,1.3794166666666667,4.851204902961249,,,,,,Boiler,Electricity,4851.206102222222,4.851206102222222,1.3794179741024561,1.0,1.0 AFUE,4.851206102222222,,,,,,,,1
313757,../load_profiles/cosimulation2/313757/up00/home.xml,HeatingSystem1,HeatingSystem,Boiler,,electricity,electric_heating_system_uncertain,16691.0,1.3909166666666666,4.891648706296515,,,,,,Boiler,Electricity,4891.649915555556,4.891649915555556,1.3909179850023616,1.0,1.0 AFUE,4.891649915555556,,,,,,,,1
363042,../load_profiles/cosimulation2/363042/up00/home.xml,HeatingSystem1,HeatingSystem,Boiler,,electricity,electric_heating_system_uncertain,18150.0,1.5125,5.319239351703417,,,,,,Boiler,Electricity,5319.240666666667,5.3192406666666665,1.512501433574553,1.0,1.0 AFUE,5.3192406666666665,,,,,,,,1
192317,../load_profiles/cosimulation2/192317/up00/home.xml,HeatingSystem1,HeatingSystem,Boiler,,electricity,electric_heating_system_uncertain,18240.0,1.52,5.345615745182938,,,,,,Boiler,Electricity,5345.617066666667,5.345617066666667,1.5200014406831872,1.0,1.0 AFUE,5.345617066666667,,,,,,,,1
470721,../load_profiles/cosimulation2/470721/up00/home.xml,HeatingSystem1,HeatingSystem,Boiler,,electricity,electric_heating_system_uncertain,19347.0,1.61225,5.670045384981047,,,,,,Boiler,Electricity,5670.046786666667,5.670046786666667,1.6122515281193872,1.0,1.0 AFUE,5.670046786666667,,,,,,,,1
304989,../load_profiles/cosimulation2/304989/up00/home.xml,HeatingSystem1,HeatingSystem,Boiler,,electricity,electric_heating_system_uncertain,20112.0,1.676,5.894244729556976,,,,,,Boiler,Electricity,5894.246186666667,5.894246186666667,1.6760015885427775,1.0,1.0 AFUE,5.894246186666667,,,,,,,,1
351757,../load_profiles/cosimulation2/351757/up00/home.xml,HeatingSystem1,HeatingSystem,Boiler,,electricity,electric_heating_system_uncertain,20566.0,1.7138333333333333,6.027298981109228,,,,,,Boiler,Electricity,6027.300471111112,6.027300471111111,1.713834957735221,1.0,1.0 AFUE,6.027300471111111,,,,,,,,1
288485,../load_profiles/cosimulation2/288485/up00/home.xml,HeatingSystem1,HeatingSystem,Boiler,,electricity,electric_heating_system_uncertain,22127.0,1.8439166666666666,6.484782872459587,,,,,,Boiler,Electricity,6484.784475555555,6.484784475555555,1.843918414363864,1.0,1.0 AFUE,6.484784475555555,,,,,,,,1
335682,../load_profiles/cosimulation2/335682/up00/home.xml,HeatingSystem1,HeatingSystem,Boiler,,electricity,electric_heating_system_uncertain,23227.0,1.9355833333333334,6.807161014987067,,,,,,Boiler,Electricity,6807.162697777778,6.807162697777778,1.9355851679138372,1.0,1.0 AFUE,6.807162697777778,,,,,,,,1
266903,../load_profiles/cosimulation2/266903/up00/home.xml,HeatingSystem1,HeatingSystem,Boiler,,electricity,electric_heating_system_uncertain,30011.0,2.5009166666666665,8.795354941265634,,,,,,Boiler,Electricity,8795.357115555556,8.795357115555557,2.500919037080216,1.0,1.0 AFUE,8.795357115555557,,,,,,,,1
289393,../load_profiles/cosimulation2/289393/up00/home.xml,HeatingSystem1,HeatingSystem,Boiler,,electricity,electric_heating_system_uncertain,66397.0,5.533083333333333,19.459037753997343,,,,,,Boiler,Electricity,19459.042564444444,19.459042564444445,5.533088577688683,1.0,1.0 AFUE,19.459042564444445,,,,,,,,1
430208,../load_profiles/cosimulation2/430208/up00/home.xml,HeatingSystem1,HeatingSystem,Boiler,,electricity,electric_heating_system_uncertain,77579.0,6.464916666666666,22.736158108308505,,,,,,Boiler,Electricity,22736.16372888889,22.73616372888889,6.464922794230317,1.0,1.0 AFUE,22.73616372888889,,,,,,,,1
278662,../load_profiles/cosimulation2/278662/up00/home.xml,HeatingSystem1,HeatingSystem,Furnace,,electricity,electric_heating_system_uncertain,1738.0,0.14483333333333334,0.5093574651934181,,,,,,Furnace,Electricity,509.3575911111111,0.5093575911111111,0.1448334706089572,1.0,1.0 AFUE,0.5093575911111111,,,,,,,,1
488659,../load_profiles/cosimulation2/488659/up00/home.xml,HeatingSystem1,HeatingSystem,Furnace,,electricity,electric_heating_system_uncertain,1819.0,0.15158333333333332,0.5330962193249871,,,,,,Furnace,Electricity,533.0963511111112,0.5330963511111112,0.15158347700672795,1.0,1.0 AFUE,0.5330963511111112,,,,,,,,1
31648,../load_profiles/cosimulation2/31648/up00/home.xml,HeatingSystem1,HeatingSystem,Furnace,,electricity,electric_heating_system_uncertain,2420.0,0.20166666666666666,0.7092319135604556,,,,,,Furnace,Electricity,709.2320888888889,0.7092320888888889,0.20166685780994043,1.0,1.0 AFUE,0.7092320888888889,,,,,,,,1
172849,../load_profiles/cosimulation2/172849/up00/home.xml,HeatingSystem1,HeatingSystem,Furnace,,electricity,electric_heating_system_uncertain,2539.0,0.21158333333333335,0.7441073671611557,,,,,,Furnace,Electricity,744.1075511111111,0.744107551111111,0.21158353387580112,1.0,1.0 AFUE,0.744107551111111,,,,,,,,1
360612,../load_profiles/cosimulation2/360612/up00/home.xml,HeatingSystem1,HeatingSystem,Furnace,,electricity,electric_heating_system_uncertain,2572.0,0.21433333333333332,0.75377871143698,,,,,,Furnace,Electricity,753.7788977777778,0.7537788977777778,0.2143335364823003,1.0,1.0 AFUE,0.7537788977777778,,,,,,,,1
278166,../load_profiles/cosimulation2/278166/up00/home.xml,HeatingSystem1,HeatingSystem,Furnace,,electricity,electric_heating_system_uncertain,2608.0,0.21733333333333332,0.7643292688287885,,,,,,Furnace,Electricity,764.3294577777777,0.7643294577777777,0.21733353932575394,1.0,1.0 AFUE,0.7643294577777777,,,,,,,,1
537983,../load_profiles/cosimulation2/537983/up00/home.xml,HeatingSystem1,HeatingSystem,Furnace,,electricity,electric_heating_system_uncertain,3171.0,0.26425,0.9293282635951259,,,,,,Furnace,Electricity,929.3284933333333,0.9293284933333333,0.26425025046087647,1.0,1.0 AFUE,0.9293284933333333,,,,,,,,1
294867,../load_profiles/cosimulation2/294867/up00/home.xml,HeatingSystem1,HeatingSystem,Furnace,,electricity,electric_heating_system_uncertain,3351.0,0.27925,0.9820810505541681,,,,,,Furnace,Electricity,982.0812933333333,0.9820812933333333,0.27925026467814473,1.0,1.0 AFUE,0.9820812933333333,,,,,,,,1
435785,../load_profiles/cosimulation2/435785/up00/home.xml,HeatingSystem1,HeatingSystem,Furnace,,electricity,electric_heating_system_uncertain,3463.0,0.28858333333333336,1.0149050068842387,,,,,,Furnace,Electricity,1014.9052577777778,1.0149052577777777,0.28858360685777834,1.0,1.0 AFUE,1.0149052577777777,,,,,,,,1
420010,../load_profiles/cosimulation2/420010/up00/home.xml,HeatingSystem1,HeatingSystem,Furnace,,electricity,electric_heating_system_uncertain,3760.0,0.31333333333333335,1.1019471053666583,,,,,,Furnace,Electricity,1101.9473777777778,1.1019473777777777,0.31333363031627104,1.0,1.0 AFUE,1.1019473777777777,,,,,,,,1
103629,../load_profiles/cosimulation2/103629/up00/home.xml,HeatingSystem1,HeatingSystem,Furnace,,electricity,electric_heating_system_uncertain,4295.0,0.35791666666666666,1.2587401110504781,,,,,,Furnace,Electricity,1258.7404222222222,1.258740422222222,0.3579170059064851,1.0,1.0 AFUE,1.258740422222222,,,,,,,,1
448598,../load_profiles/cosimulation2/448598/up00/home.xml,HeatingSystem1,HeatingSystem,Furnace,,electricity,electric_heating_system_uncertain,4558.0,0.37983333333333336,1.3358177942184117,,,,,,Furnace,Electricity,1335.8181244444445,1.3358181244444445,0.3798336933461605,1.0,1.0 AFUE,1.3358181244444445,,,,,,,,1
206587,../load_profiles/cosimulation2/206587/up00/home.xml,HeatingSystem1,HeatingSystem,Furnace,,electricity,electric_heating_system_uncertain,4597.0,0.38308333333333333,1.3472475647262043,,,,,,Furnace,Electricity,1347.2478977777778,1.3472478977777778,0.3830836964265686,1.0,1.0 AFUE,1.3472478977777778,,,,,,,,1
41603,../load_profiles/cosimulation2/41603/up00/home.xml,HeatingSystem1,HeatingSystem,Furnace,,electricity,electric_heating_system_uncertain,4668.0,0.389,1.36805560847116,,,,,,Furnace,Electricity,1368.0559466666666,1.3680559466666666,0.38900036870115773,1.0,1.0 AFUE,1.3680559466666666,,,,,,,,1
407766,../load_profiles/cosimulation2/407766/up00/home.xml,HeatingSystem1,HeatingSystem,Furnace,,electricity,electric_heating_system_uncertain,5459.0,0.4549166666666667,1.599874800052284,,,,,,Furnace,Electricity,1599.8751955555556,1.5998751955555557,0.4549170978448201,1.0,1.0 AFUE,1.5998751955555557,,,,,,,,1
347465,../load_profiles/cosimulation2/347465/up00/home.xml,HeatingSystem1,HeatingSystem,Furnace,,electricity,electric_heating_system_uncertain,6507.0,0.54225,1.9070132485693738,,,,,,Furnace,Electricity,1907.01372,1.90701372,0.5422505139542488,1.0,1.0 AFUE,1.90701372,,,,,,,,1
386133,../load_profiles/cosimulation2/386133/up00/home.xml,HeatingSystem1,HeatingSystem,Furnace,,electricity,electric_heating_system_uncertain,6652.0,0.5543333333333333,1.9495085491752688,,,,,,Furnace,Electricity,1949.5090311111112,1.9495090311111112,0.5543338587403817,1.0,1.0 AFUE,1.9495090311111112,,,,,,,,1
548576,../load_profiles/cosimulation2/548576/up00/home.xml,HeatingSystem1,HeatingSystem,Furnace,,electricity,electric_heating_system_uncertain,7654.0,0.6378333333333334,2.2431657299139367,,,,,,Furnace,Electricity,2243.1662844444445,2.2431662844444444,0.6378339378831751,1.0,1.0 AFUE,2.2431662844444444,,,,,,,,1
244333,../load_profiles/cosimulation2/244333/up00/home.xml,HeatingSystem1,HeatingSystem,Furnace,,electricity,electric_heating_system_uncertain,7972.0,0.6643333333333333,2.3363623202082446,,,,,,Furnace,Electricity,2336.362897777778,2.336362897777778,0.6643339630003492,1.0,1.0 AFUE,2.336362897777778,,,,,,,,1
500868,../load_profiles/cosimulation2/500868/up00/home.xml,HeatingSystem1,HeatingSystem,Furnace,,electricity,electric_heating_system_uncertain,9392.0,0.7826666666666666,2.752523195107355,,,,,,Furnace,Electricity,2752.5238755555556,2.7525238755555557,0.7826674084921323,1.0,1.0 AFUE,2.7525238755555557,,,,,,,,1
463947,../load_profiles/cosimulation2/463947/up00/home.xml,HeatingSystem1,HeatingSystem,Furnace,,electricity,electric_heating_system_uncertain,10182.0,0.8485,2.9840493156498176,,,,,,Furnace,Electricity,2984.0500533333334,2.984050053333333,0.8485008042234765,1.0,1.0 AFUE,2.984050053333333,,,,,,,,1
358904,../load_profiles/cosimulation2/358904/up00/home.xml,HeatingSystem1,HeatingSystem,Furnace,,electricity,electric_heating_system_uncertain,10394.0,0.8661666666666666,3.046180375846023,,,,,,Furnace,Electricity,3046.181128888889,3.0461811288888887,0.8661674876349259,1.0,1.0 AFUE,3.0461811288888887,,,,,,,,1
34881,../load_profiles/cosimulation2/34881/up00/home.xml,HeatingSystem1,HeatingSystem,Furnace,,electricity,electric_heating_system_uncertain,10986.0,0.9155,3.2196784307335395,,,,,,Furnace,Electricity,3219.6792266666666,3.2196792266666665,0.9155008677272749,1.0,1.0 AFUE,3.2196792266666665,,,,,,,,1
258272,../load_profiles/cosimulation2/258272/up00/home.xml,HeatingSystem1,HeatingSystem,Furnace,,electricity,electric_heating_system_uncertain,11393.0,0.9494166666666667,3.338958343468707,,,,,,Furnace,Electricity,3338.959168888889,3.338959168888889,0.9494175665407649,1.0,1.0 AFUE,3.338959168888889,,,,,,,,1
413697,../load_profiles/cosimulation2/413697/up00/home.xml,HeatingSystem1,HeatingSystem,Furnace,,electricity,electric_heating_system_uncertain,12035.0,1.0029166666666667,3.5271099502892906,,,,,,Furnace,Electricity,3527.1108222222224,3.5271108222222223,1.002917617249022,1.0,1.0 AFUE,3.5271108222222223,,,,,,,,1
154021,../load_profiles/cosimulation2/154021/up00/home.xml,HeatingSystem1,HeatingSystem,Furnace,,electricity,electric_heating_system_uncertain,12803.0,1.0669166666666667,3.7521885079812036,,,,,,Furnace,Electricity,3752.1894355555555,3.7521894355555556,1.0669176779093665,1.0,1.0 AFUE,3.7521894355555556,,,,,,,,1
42616,../load_profiles/cosimulation2/42616/up00/home.xml,HeatingSystem1,HeatingSystem,Furnace,,electricity,electric_heating_system_uncertain,13261.0,1.1050833333333334,3.8864150436880998,,,,,,Furnace,Electricity,3886.4160044444443,3.8864160044444445,1.1050843807510824,1.0,1.0 AFUE,3.8864160044444445,,,,,,,,1
519683,../load_profiles/cosimulation2/519683/up00/home.xml,HeatingSystem1,HeatingSystem,Furnace,,electricity,electric_heating_system_uncertain,13725.0,1.14375,4.022400005626964,,,,,,Furnace,Electricity,4022.401,4.0224009999999994,1.1437510840667073,1.0,1.0 AFUE,4.0224009999999994,,,,,,,,1
294278,../load_profiles/cosimulation2/294278/up00/home.xml,HeatingSystem1,HeatingSystem,Furnace,,electricity,electric_heating_system_uncertain,14913.0,1.24275,4.3705683995566424,,,,,,Furnace,Electricity,4370.56948,4.37056948,1.2427511779006781,1.0,1.0 AFUE,4.37056948,,,,,,,,1
328443,../load_profiles/cosimulation2/328443/up00/home.xml,HeatingSystem1,HeatingSystem,Furnace,,electricity,electric_heating_system_uncertain,15847.0,1.3205833333333334,4.6442967496663385,,,,,,Furnace,Electricity,4644.2978977777775,4.644297897777777,1.3205845850058369,1.0,1.0 AFUE,4.644297897777777,,,,,,,,1
526879,../load_profiles/cosimulation2/526879/up00/home.xml,HeatingSystem1,HeatingSystem,Furnace,,electricity,electric_heating_system_uncertain,17062.0,1.4218333333333333,5.000378061639873,,,,,,Furnace,Electricity,5000.3792977777775,5.000379297777777,1.4218346809723978,1.0,1.0 AFUE,5.000379297777777,,,,,,,,1
94476,../load_profiles/cosimulation2/94476/up00/home.xml,HeatingSystem1,HeatingSystem,Furnace,,electricity,electric_heating_system_uncertain,17494.0,1.4578333333333333,5.126984750341575,,,,,,Furnace,Electricity,5126.986017777778,5.126986017777778,1.457834715093842,1.0,1.0 AFUE,5.126986017777778,,,,,,,,1
350091,../load_profiles/cosimulation2/350091/up00/home.xml,HeatingSystem1,HeatingSystem,Furnace,,electricity,electric_heating_system_uncertain,18436.0,1.5363333333333333,5.403057668760562,,,,,,Furnace,Electricity,5403.059004444444,5.403059004444445,1.5363347894975459,1.0,1.0 AFUE,5.403059004444445,,,,,,,,1
291920,../load_profiles/cosimulation2/291920/up00/home.xml,HeatingSystem1,HeatingSystem,Furnace,,electricity,electric_heating_system_uncertain,18506.0,1.5421666666666667,5.423572641466856,,,,,,Furnace,Electricity,5423.573982222222,5.423573982222222,1.542168128359817,1.0,1.0 AFUE,5.423573982222222,,,,,,,,1
443399,../load_profiles/cosimulation2/443399/up00/home.xml,HeatingSystem1,HeatingSystem,Furnace,,electricity,electric_heating_system_uncertain,18972.0,1.581,5.5601437454830425,,,,,,Furnace,Electricity,5560.14512,5.5601451200000005,1.5810014985000782,1.0,1.0 AFUE,5.5601451200000005,,,,,,,,1
108125,../load_profiles/cosimulation2/108125/up00/home.xml,HeatingSystem1,HeatingSystem,Furnace,,electricity,electric_heating_system_uncertain,19207.0,1.6005833333333332,5.629015439568459,,,,,,Furnace,Electricity,5629.016831111111,5.629016831111111,1.6005848503948452,1.0,1.0 AFUE,5.629016831111111,,,,,,,,1
421638,../load_profiles/cosimulation2/421638/up00/home.xml,HeatingSystem1,HeatingSystem,Furnace,,electricity,electric_heating_system_uncertain,20701.0,1.7250833333333333,6.066863571328509,,,,,,Furnace,Electricity,6066.865071111111,6.066865071111112,1.7250849683981722,1.0,1.0 AFUE,6.066865071111112,,,,,,,,1
69732,../load_profiles/cosimulation2/69732/up00/home.xml,HeatingSystem1,HeatingSystem,Furnace,,electricity,electric_heating_system_uncertain,21072.0,1.756,6.175592926671868,,,,,,Furnace,Electricity,6175.594453333333,6.175594453333333,1.7560016643682084,1.0,1.0 AFUE,6.175594453333333,,,,,,,,1
497565,../load_profiles/cosimulation2/497565/up00/home.xml,HeatingSystem1,HeatingSystem,Furnace,,electricity,electric_heating_system_uncertain,21397.0,1.7830833333333334,6.270841014236805,,,,,,Furnace,Electricity,6270.842564444444,6.270842564444444,1.7830850233716093,1.0,1.0 AFUE,6.270842564444444,,,,,,,,1
277601,../load_profiles/cosimulation2/277601/up00/home.xml,HeatingSystem1,HeatingSystem,Furnace,,electricity,electric_heating_system_uncertain,21544.0,1.7953333333333332,6.313922456920023,,,,,,Furnace,Electricity,6313.924017777778,6.3139240177777785,1.7953350349823787,1.0,1.0 AFUE,6.3139240177777785,,,,,,,,1
33592,../load_profiles/cosimulation2/33592/up00/home.xml,HeatingSystem1,HeatingSystem,Furnace,,electricity,electric_heating_system_uncertain,23239.0,1.9365833333333333,6.810677867451004,,,,,,Furnace,Electricity,6810.679551111111,6.810679551111111,1.936585168861655,1.0,1.0 AFUE,6.810679551111111,,,,,,,,1
303983,../load_profiles/cosimulation2/303983/up00/home.xml,HeatingSystem1,HeatingSystem,Furnace,,electricity,electric_heating_system_uncertain,24912.0,2.076,7.300985715131434,,,,,,Furnace,Electricity,7300.98752,7.30098752,2.076001967669932,1.0,1.0 AFUE,7.30098752,,,,,,,,1
374646,../load_profiles/cosimulation2/374646/up00/home.xml,HeatingSystem1,HeatingSystem,Furnace,,electricity,electric_heating_system_uncertain,27223.0,2.2685833333333334,7.978272885477803,,,,,,Furnace,Electricity,7978.2748577777775,7.978274857777778,2.2685854835371932,1.0,1.0 AFUE,7.978274857777778,,,,,,,,1
95745,../load_profiles/cosimulation2/95745/up00/home.xml,HeatingSystem1,HeatingSystem,Furnace,,electricity,electric_heating_system_uncertain,28577.0,2.3814166666666665,8.375091071825265,,,,,,Furnace,Electricity,8375.093142222222,8.375093142222221,2.381418923815978,1.0,1.0 AFUE,8.375093142222221,,,,,,,,1
450807,../load_profiles/cosimulation2/450807/up00/home.xml,HeatingSystem1,HeatingSystem,Furnace,,electricity,electric_heating_system_uncertain,31188.0,2.599,9.140299553770037,,,,,,Furnace,Electricity,9140.301813333333,9.140301813333334,2.5990024633786866,1.0,1.0 AFUE,9.140301813333334,,,,,,,,1
174660,../load_profiles/cosimulation2/174660/up00/home.xml,HeatingSystem1,HeatingSystem,Furnace,,electricity,electric_heating_system_uncertain,36130.0,3.0108333333333333,10.588656626834405,,,,,,Furnace,Electricity,10588.659244444445,10.588659244444445,3.0108361870550193,1.0,1.0 AFUE,10.588659244444445,,,,,,,,1
409971,../load_profiles/cosimulation2/409971/up00/home.xml,HeatingSystem1,HeatingSystem,Furnace,,electricity,electric_heating_system_uncertain,37493.0,3.124416666666667,10.988112452529819,,,,,,Furnace,Electricity,10988.11516888889,10.98811516888889,3.124419628044668,1.0,1.0 AFUE,10.98811516888889,,,,,,,,1
409077,../load_profiles/cosimulation2/409077/up00/home.xml,HeatingSystem1,HeatingSystem,Furnace,,electricity,electric_heating_system_uncertain,38103.0,3.17525,11.16688578611324,,,,,,Furnace,Electricity,11166.888546666667,11.166888546666668,3.1752530095587437,1.0,1.0 AFUE,11.166888546666668,,,,,,,,1
131994,../load_profiles/cosimulation2/131994/up00/home.xml,HeatingSystem1,HeatingSystem,Furnace,,electricity,electric_heating_system_uncertain,38537.0,3.2114166666666666,11.294078616892264,,,,,,Furnace,Electricity,11294.08140888889,11.29408140888889,3.2114197105048237,1.0,1.0 AFUE,11.29408140888889,,,,,,,,1
225086,../load_profiles/cosimulation2/225086/up00/home.xml,HeatingSystem1,HeatingSystem,Furnace,,electricity,electric_heating_system_uncertain,40310.0,3.359166666666667,11.81369356843883,,,,,,Furnace,Electricity,11813.696488888889,11.813696488888889,3.3591698505449163,1.0,1.0 AFUE,11.813696488888889,,,,,,,,1
173174,../load_profiles/cosimulation2/173174/up00/home.xml,HeatingSystem1,HeatingSystem,Furnace,,electricity,electric_heating_system_uncertain,45703.0,3.8085833333333334,13.394225679939463,,,,,,Furnace,Electricity,13394.228991111111,13.394228991111111,3.808586943176738,1.0,1.0 AFUE,13.394228991111111,,,,,,,,1
281425,../load_profiles/cosimulation2/281425/up00/home.xml,HeatingSystem1,HeatingSystem,Furnace,,electricity,electric_heating_system_uncertain,47198.0,3.9331666666666667,13.832366882738174,,,,,,Furnace,Electricity,13832.370302222222,13.832370302222222,3.933170394592383,1.0,1.0 AFUE,13.832370302222222,,,,,,,,1
401850,../load_profiles/cosimulation2/401850/up00/home.xml,HeatingSystem1,HeatingSystem,Furnace,,electricity,electric_heating_system_uncertain,48542.0,4.045166666666667,14.226254358699023,,,,,,Furnace,Electricity,14226.257875555555,14.226257875555556,4.045170500747986,1.0,1.0 AFUE,14.226257875555556,,,,,,,,1
453666,../load_profiles/cosimulation2/453666/up00/home.xml,HeatingSystem1,HeatingSystem,Furnace,,electricity,electric_heating_system_uncertain,48877.0,4.073083333333333,14.324433156650574,,,,,,Furnace,Electricity,14324.436697777777,14.324436697777777,4.073087193874569,1.0,1.0 AFUE,14.324436697777777,,,,,,,,1
415846,../load_profiles/cosimulation2/415846/up00/home.xml,HeatingSystem1,HeatingSystem,Furnace,,electricity,electric_heating_system_uncertain,49774.0,4.147833333333334,14.5873178783298,,,,,,Furnace,Electricity,14587.321484444445,14.587321484444445,4.1478372647239565,1.0,1.0 AFUE,14.587321484444445,,,,,,,,1
356795,../load_profiles/cosimulation2/356795/up00/home.xml,HeatingSystem1,HeatingSystem,Furnace,,electricity,electric_heating_system_uncertain,52224.0,4.352,15.305341923050097,,,,,,Furnace,Electricity,15305.345706666667,15.305345706666667,4.352004124903441,1.0,1.0 AFUE,15.305345706666667,,,,,,,,1
391660,../load_profiles/cosimulation2/391660/up00/home.xml,HeatingSystem1,HeatingSystem,Furnace,,electricity,electric_heating_system_uncertain,56253.0,4.68775,16.486125137816657,,,,,,Furnace,Electricity,16486.129213333334,16.486129213333335,4.687754443133296,1.0,1.0 AFUE,16.486129213333335,,,,,,,,1
150461,../load_profiles/cosimulation2/150461/up00/home.xml,HeatingSystem1,HeatingSystem,Furnace,,electricity,electric_heating_system_uncertain,59105.0,4.925416666666667,17.321963740078814,,,,,,Furnace,Electricity,17321.968022222223,17.321968022222222,4.925421335064681,1.0,1.0 AFUE,17.321968022222222,,,,,,,,1
268011,../load_profiles/cosimulation2/268011/up00/home.xml,HeatingSystem1,HeatingSystem,Furnace,,electricity,electric_heating_system_uncertain,59390.0,4.949166666666667,17.405488986097296,,,,,,Furnace,Electricity,17405.49328888889,17.40549328888889,4.949171357575356,1.0,1.0 AFUE,17.40549328888889,,,,,,,,1
251924,../load_profiles/cosimulation2/251924/up00/home.xml,HeatingSystem1,HeatingSystem,Furnace,,electricity,electric_heating_system_uncertain,59704.0,4.975333333333333,17.49751329223696,,,,,,Furnace,Electricity,17497.51761777778,17.49751761777778,4.975338049043257,1.0,1.0 AFUE,17.49751761777778,,,,,,,,1
4932,../load_profiles/cosimulation2/4932/up00/home.xml,HeatingSystem1,HeatingSystem,Furnace,,electricity,electric_heating_system_uncertain,66010.0,5.5008333333333335,19.345619262035402,,,,,,Furnace,Electricity,19345.624044444445,19.345624044444445,5.500838547121556,1.0,1.0 AFUE,19.345624044444445,,,,,,,,1
416329,../load_profiles/cosimulation2/416329/up00/home.xml,HeatingSystem1,HeatingSystem,Furnace,,electricity,electric_heating_system_uncertain,67512.0,5.626,19.785811962104745,,,,,,Furnace,Electricity,19785.816853333334,19.785816853333333,5.6260053324234285,1.0,1.0 AFUE,19.785816853333333,,,,,,,,1
355669,../load_profiles/cosimulation2/355669/up00/home.xml,HeatingSystem1,HeatingSystem,Furnace,,electricity,electric_heating_system_uncertain,71427.0,5.95225,20.93318507846391,,,,,,Furnace,Electricity,20933.190253333334,20.933190253333333,5.952255641649014,1.0,1.0 AFUE,20.933190253333333,,,,,,,,1
257561,../load_profiles/cosimulation2/257561/up00/home.xml,HeatingSystem1,HeatingSystem,Furnace,,electricity,electric_heating_system_uncertain,74771.0,6.230916666666666,21.913214631747447,,,,,,Furnace,Electricity,21913.22004888889,21.91322004888889,6.230922572440932,1.0,1.0 AFUE,21.91322004888889,,,,,,,,1
255328,../load_profiles/cosimulation2/255328/up00/home.xml,HeatingSystem1,HeatingSystem,Furnace,,electricity,electric_heating_system_uncertain,94215.0,7.85125,27.611687907478647,,,,,,Furnace,Electricity,27611.694733333334,27.611694733333334,7.8512574415551795,1.0,1.0 AFUE,27.611694733333334,,,,,,,,1
549938,../load_profiles/cosimulation2/549938/up00/home.xml,HeatingSystem1,HeatingSystem,Furnace,,electricity,electric_heating_system_uncertain,111567.0,9.29725,32.69705657033031,,,,,,Furnace,Electricity,32697.064653333335,32.697064653333335,9.297258812099845,1.0,1.0 AFUE,32.697064653333335,,,,,,,,1
209568,../load_profiles/cosimulation2/209568/up00/home.xml,HeatingSystem1,HeatingSystem,WallFurnace,,electricity,electric_heating_system_uncertain,1350.0,0.1125,0.39564590219281615,,,,,,WallFurnace,Electricity,395.646,0.395646,0.11250010662951221,1.0,1.0 AFUE,0.395646,,,,,,,,1
141321,../load_profiles/cosimulation2/141321/up00/home.xml,HeatingSystem1,HeatingSystem,WallFurnace,,electricity,electric_heating_system_uncertain,2647.0,0.22058333333333333,0.775759039336581,,,,,,WallFurnace,Electricity,775.7592311111111,0.7757592311111111,0.2205835424061621,1.0,1.0 AFUE,0.7757592311111111,,,,,,,,1
373611,../load_profiles/cosimulation2/373611/up00/home.xml,HeatingSystem1,HeatingSystem,WallFurnace,,electricity,electric_heating_system_uncertain,2912.0,0.24266666666666667,0.8534228645818375,,,,,,WallFurnace,Electricity,853.4230755555556,0.8534230755555555,0.24266689667047375,1.0,1.0 AFUE,0.8534230755555555,,,,,,,,1
125660,../load_profiles/cosimulation2/125660/up00/home.xml,HeatingSystem1,HeatingSystem,WallFurnace,,electricity,electric_heating_system_uncertain,3583.0,0.2985833333333333,1.0500735315236003,,,,,,WallFurnace,Electricity,1050.0737911111112,1.050073791111111,0.29858361633595726,1.0,1.0 AFUE,1.050073791111111,,,,,,,,1
49900,../load_profiles/cosimulation2/49900/up00/home.xml,HeatingSystem1,HeatingSystem,WallFurnace,,electricity,electric_heating_system_uncertain,4060.0,0.3383333333333333,1.189868416965062,,,,,,WallFurnace,Electricity,1189.8687111111112,1.1898687111111113,0.3383336540117182,1.0,1.0 AFUE,1.1898687111111113,,,,,,,,1
541619,../load_profiles/cosimulation2/541619/up00/home.xml,HeatingSystem1,HeatingSystem,WallFurnace,,electricity,electric_heating_system_uncertain,4517.0,0.3764166666666667,1.3238018816332966,,,,,,WallFurnace,Electricity,1323.8022088888888,1.3238022088888888,0.376417023441116,1.0,1.0 AFUE,1.3238022088888888,,,,,,,,1
414814,../load_profiles/cosimulation2/414814/up00/home.xml,HeatingSystem1,HeatingSystem,WallFurnace,,electricity,electric_heating_system_uncertain,4794.0,0.3995,1.4049825593424894,,,,,,WallFurnace,Electricity,1404.9829066666666,1.4049829066666666,0.39950037865324556,1.0,1.0 AFUE,1.4049829066666666,,,,,,,,1
345975,../load_profiles/cosimulation2/345975/up00/home.xml,HeatingSystem1,HeatingSystem,WallFurnace,,electricity,electric_heating_system_uncertain,5689.0,0.47408333333333336,1.6672811389443933,,,,,,WallFurnace,Electricity,1667.2815511111112,1.6672815511111112,0.4740837826779963,1.0,1.0 AFUE,1.6672815511111112,,,,,,,,1
89497,../load_profiles/cosimulation2/89497/up00/home.xml,HeatingSystem1,HeatingSystem,WallFurnace,,electricity,electric_heating_system_uncertain,5851.0,0.4875833333333333,1.7147586472075314,,,,,,WallFurnace,Electricity,1714.759071111111,1.7147590711111111,0.4875837954735377,1.0,1.0 AFUE,1.7147590711111111,,,,,,,,1
53428,../load_profiles/cosimulation2/53428/up00/home.xml,HeatingSystem1,HeatingSystem,WallFurnace,,electricity,electric_heating_system_uncertain,6004.0,0.5003333333333333,1.7595985161227172,,,,,,WallFurnace,Electricity,1759.598951111111,1.7595989511111112,0.5003338075582158,1.0,1.0 AFUE,1.7595989511111112,,,,,,,,1
384497,../load_profiles/cosimulation2/384497/up00/home.xml,HeatingSystem1,HeatingSystem,WallFurnace,,electricity,electric_heating_system_uncertain,6722.0,0.5601666666666667,1.9700235218815632,,,,,,WallFurnace,Electricity,1970.0240088888888,1.9700240088888887,0.5601671976026527,1.0,1.0 AFUE,1.9700240088888887,,,,,,,,1
375112,../load_profiles/cosimulation2/375112/up00/home.xml,HeatingSystem1,HeatingSystem,WallFurnace,,electricity,electric_heating_system_uncertain,6880.0,0.5733333333333334,2.0163287459900556,,,,,,WallFurnace,Electricity,2016.3292444444444,2.0163292444444445,0.5733338767489214,1.0,1.0 AFUE,2.0163292444444445,,,,,,,,1
357910,../load_profiles/cosimulation2/357910/up00/home.xml,HeatingSystem1,HeatingSystem,WallFurnace,,electricity,electric_heating_system_uncertain,8404.0,0.7003333333333334,2.462969008909946,,,,,,WallFurnace,Electricity,2462.969617777778,2.4629696177777776,0.700333997121793,1.0,1.0 AFUE,2.4629696177777776,,,,,,,,1
283980,../load_profiles/cosimulation2/283980/up00/home.xml,HeatingSystem1,HeatingSystem,WallFurnace,,electricity,electric_heating_system_uncertain,8810.0,0.7341666666666666,2.581955850606452,,,,,,WallFurnace,Electricity,2581.956488888889,2.581956488888889,0.7341673625229649,1.0,1.0 AFUE,2.581956488888889,,,,,,,,1
510124,../load_profiles/cosimulation2/510124/up00/home.xml,HeatingSystem1,HeatingSystem,WallFurnace,,electricity,electric_heating_system_uncertain,9530.0,0.7941666666666667,2.792966998442621,,,,,,WallFurnace,Electricity,2792.967688888889,2.792967688888889,0.794167419392038,1.0,1.0 AFUE,2.792967688888889,,,,,,,,1
220419,../load_profiles/cosimulation2/220419/up00/home.xml,HeatingSystem1,HeatingSystem,WallFurnace,,electricity,electric_heating_system_uncertain,9668.0,0.8056666666666666,2.8334108017778865,,,,,,WallFurnace,Electricity,2833.411502222222,2.8334115022222224,0.8056674302919438,1.0,1.0 AFUE,2.8334115022222224,,,,,,,,1
237595,../load_profiles/cosimulation2/237595/up00/home.xml,HeatingSystem1,HeatingSystem,WallFurnace,,electricity,electric_heating_system_uncertain,9804.0,0.817,2.873268463035829,,,,,,WallFurnace,Electricity,2873.2691733333336,2.8732691733333335,0.8170007743672132,1.0,1.0 AFUE,2.8732691733333335,,,,,,,,1
80247,../load_profiles/cosimulation2/80247/up00/home.xml,HeatingSystem1,HeatingSystem,WallFurnace,,electricity,electric_heating_system_uncertain,10410.0,0.8675,3.0508695124646046,,,,,,WallFurnace,Electricity,3050.870266666667,3.0508702666666667,0.8675008222320164,1.0,1.0 AFUE,3.0508702666666667,,,,,,,,1
494343,../load_profiles/cosimulation2/494343/up00/home.xml,HeatingSystem1,HeatingSystem,WallFurnace,,electricity,electric_heating_system_uncertain,12213.0,1.01775,3.57927659517101,,,,,,WallFurnace,Electricity,3579.27748,3.57927748,1.0177509646416538,1.0,1.0 AFUE,3.57927748,,,,,,,,1
483296,../load_profiles/cosimulation2/483296/up00/home.xml,HeatingSystem1,HeatingSystem,WallFurnace,,electricity,electric_heating_system_uncertain,14368.0,1.1973333333333334,4.210844683486209,,,,,,WallFurnace,Electricity,4210.845724444444,4.210845724444445,1.1973344681872826,1.0,1.0 AFUE,4.210845724444445,,,,,,,,1
493495,../load_profiles/cosimulation2/493495/up00/home.xml,HeatingSystem1,HeatingSystem,WallFurnace,,electricity,electric_heating_system_uncertain,17176.0,1.4313333333333333,5.0337881600472665,,,,,,WallFurnace,Electricity,5033.789404444445,5.033789404444445,1.431334689976668,1.0,1.0 AFUE,5.033789404444445,,,,,,,,1
392855,../load_profiles/cosimulation2/392855/up00/home.xml,HeatingSystem1,HeatingSystem,WallFurnace,,electricity,electric_heating_system_uncertain,18384.0,1.532,5.387817974750172,,,,,,WallFurnace,Electricity,5387.819306666666,5.387819306666667,1.5320014520570018,1.0,1.0 AFUE,5.387819306666667,,,,,,,,1
546165,../load_profiles/cosimulation2/546165/up00/home.xml,HeatingSystem1,HeatingSystem,WallFurnace,,electricity,electric_heating_system_uncertain,20723.0,1.7269166666666667,6.073311134179058,,,,,,WallFurnace,Electricity,6073.312635555556,6.073312635555556,1.7269183034691715,1.0,1.0 AFUE,6.073312635555556,,,,,,,,1
533678,../load_profiles/cosimulation2/533678/up00/home.xml,HeatingSystem1,HeatingSystem,WallFurnace,,electricity,electric_heating_system_uncertain,24768.0,2.064,7.258783485564201,,,,,,WallFurnace,Electricity,7258.78528,7.25878528,2.064001956296117,1.0,1.0 AFUE,7.25878528,,,,,,,,1
177805,../load_profiles/cosimulation2/177805/up00/home.xml,HeatingSystem1,HeatingSystem,WallFurnace,,electricity,electric_heating_system_uncertain,25968.0,2.164,7.610468731957814,,,,,,WallFurnace,Electricity,7610.470613333334,7.610470613333334,2.164002051077906,1.0,1.0 AFUE,7.610470613333334,,,,,,,,1
131587,../load_profiles/cosimulation2/131587/up00/home.xml,HeatingSystem1,HeatingSystem,WallFurnace,,electricity,electric_heating_system_uncertain,29816.0,2.4846666666666666,8.73820608872667,,,,,,WallFurnace,Electricity,8738.208248888888,8.738208248888888,2.4846690216781746,1.0,1.0 AFUE,8.738208248888888,,,,,,,,1
127525,../load_profiles/cosimulation2/127525/up00/home.xml,HeatingSystem1,HeatingSystem,WallFurnace,,electricity,electric_heating_system_uncertain,31124.0,2.5936666666666666,9.121543007295712,,,,,,WallFurnace,Electricity,9121.545262222222,9.121545262222222,2.5936691249903245,1.0,1.0 AFUE,9.121545262222222,,,,,,,,1
497767,../load_profiles/cosimulation2/497767/up00/home.xml,HeatingSystem1,HeatingSystem,WallFurnace,,electricity,electric_heating_system_uncertain,37493.0,3.124416666666667,10.988112452529819,,,,,,WallFurnace,Electricity,10988.11516888889,10.98811516888889,3.124419628044668,1.0,1.0 AFUE,10.98811516888889,,,,,,,,1
185049,../load_profiles/cosimulation2/185049/up00/home.xml,HeatingSystem1,HeatingSystem,WallFurnace,,electricity,electric_heating_system_uncertain,39600.0,3.3,11.605613130989274,,,,,,WallFurnace,Electricity,11605.616,11.605616,3.300003127799025,1.0,1.0 AFUE,11.605616,,,,,,,,1
224421,../load_profiles/cosimulation2/224421/up00/home.xml,HeatingSystem1,HeatingSystem,WallFurnace,,electricity,electric_heating_system_uncertain,39832.0,3.3193333333333332,11.673605611958706,,,,,,WallFurnace,Electricity,11673.608497777777,11.673608497777778,3.319336479456837,1.0,1.0 AFUE,11.673608497777778,,,,,,,,1
499663,../load_profiles/cosimulation2/499663/up00/home.xml,HeatingSystem1,HeatingSystem,WallFurnace,,electricity,electric_heating_system_uncertain,40825.0,3.402083333333333,11.964625153349422,,,,,,WallFurnace,Electricity,11964.628111111111,11.96462811111111,3.4020865578887673,1.0,1.0 AFUE,11.96462811111111,,,,,,,,1
134033,../load_profiles/cosimulation2/134033/up00/home.xml,HeatingSystem1,HeatingSystem,WallFurnace,,electricity,electric_heating_system_uncertain,41898.0,3.4915,12.279090377833045,,,,,,WallFurnace,Electricity,12279.093413333334,12.279093413333333,3.4915033093061503,1.0,1.0 AFUE,12.279093413333333,,,,,,,,1
253892,../load_profiles/cosimulation2/253892/up00/home.xml,HeatingSystem1,HeatingSystem,WallFurnace,,electricity,electric_heating_system_uncertain,56828.0,4.735666666666667,16.65464098504693,,,,,,WallFurnace,Electricity,16654.64510222222,16.654645102222222,4.735671155216236,1.0,1.0 AFUE,16.654645102222222,,,,,,,,1
577,../load_profiles/cosimulation2/577/up00/home.xml,HeatingSystem1,HeatingSystem,ElectricResistance,,electricity,electric_resistance,886.0,0.07383333333333333,0.2596609402539519,,,,,,ElectricResistance,Electricity,259.6610044444445,0.25966100444444445,0.07383340331388728,1.0,100.0 Percent,0.25966100444444445,,,,,,,,1
130635,../load_profiles/cosimulation2/130635/up00/home.xml,HeatingSystem1,HeatingSystem,ElectricResistance,,electricity,electric_resistance,1032.0,0.086,0.3024493118985083,,,,,,ElectricResistance,Electricity,302.44938666666667,0.30244938666666665,0.08600008151233822,1.0,100.0 Percent,0.30244938666666665,,,,,,,,1
421567,../load_profiles/cosimulation2/421567/up00/home.xml,HeatingSystem1,HeatingSystem,ElectricResistance,,electricity,electric_resistance,1037.0,0.08641666666666667,0.3039146670918151,,,,,,ElectricResistance,Electricity,303.91474222222223,0.30391474222222226,0.086416748573929,1.0,100.0 Percent,0.30391474222222226,,,,,,,,1
5892,../load_profiles/cosimulation2/5892/up00/home.xml,HeatingSystem1,HeatingSystem,ElectricResistance,,electricity,electric_resistance,1139.0,0.09491666666666666,0.3338079130352723,,,,,,ElectricResistance,Electricity,333.8079955555556,0.33380799555555557,0.09491675663038104,1.0,100.0 Percent,0.33380799555555557,,,,,,,,1
298,../load_profiles/cosimulation2/298/up00/home.xml,HeatingSystem1,HeatingSystem,ElectricResistance,,electricity,electric_resistance,1150.0,0.09583333333333334,0.3370316944605471,,,,,,ElectricResistance,Electricity,337.0317777777778,0.33703177777777776,0.09583342416588077,1.0,100.0 Percent,0.33703177777777776,,,,,,,,1
161351,../load_profiles/cosimulation2/161351/up00/home.xml,HeatingSystem1,HeatingSystem,ElectricResistance,,electricity,electric_resistance,1288.0,0.10733333333333334,0.37747549779581274,,,,,,ElectricResistance,Electricity,377.4755911111111,0.3774755911111111,0.10733343506578646,1.0,100.0 Percent,0.3774755911111111,,,,,,,,1
397671,../load_profiles/cosimulation2/397671/up00/home.xml,HeatingSystem1,HeatingSystem,ElectricResistance,,electricity,electric_resistance,1343.0,0.11191666666666666,0.3935944049221867,,,,,,ElectricResistance,Electricity,393.5945022222222,0.3935945022222222,0.11191677274328511,1.0,100.0 Percent,0.3935945022222222,,,,,,,,1
279609,../load_profiles/cosimulation2/279609/up00/home.xml,HeatingSystem1,HeatingSystem,ElectricResistance,,electricity,electric_resistance,1382.0,0.11516666666666667,0.4050241754299792,,,,,,ElectricResistance,Electricity,405.02427555555556,0.40502427555555554,0.11516677582369324,1.0,100.0 Percent,0.40502427555555554,,,,,,,,1
453111,../load_profiles/cosimulation2/453111/up00/home.xml,HeatingSystem1,HeatingSystem,ElectricResistance,,electricity,electric_resistance,1408.0,0.11733333333333333,0.4126440224351742,,,,,,ElectricResistance,Electricity,412.64412444444446,0.4126441244444445,0.11733344454396533,1.0,100.0 Percent,0.4126441244444445,,,,,,,,1
39511,../load_profiles/cosimulation2/39511/up00/home.xml,HeatingSystem1,HeatingSystem,ElectricResistance,,electricity,electric_resistance,1641.0,0.13675,0.4809295744432676,,,,,,ElectricResistance,Electricity,480.9296933333333,0.4809296933333333,0.13675012961409594,1.0,100.0 Percent,0.4809296933333333,,,,,,,,1
211197,../load_profiles/cosimulation2/211197/up00/home.xml,HeatingSystem1,HeatingSystem,ElectricResistance,,electricity,electric_resistance,1685.0,0.14041666666666666,0.4938247001443668,,,,,,ElectricResistance,Electricity,493.8248222222222,0.49382482222222224,0.14041679975609486,1.0,100.0 Percent,0.49382482222222224,,,,,,,,1
216899,../load_profiles/cosimulation2/216899/up00/home.xml,HeatingSystem1,HeatingSystem,ElectricResistance,,electricity,electric_resistance,1852.0,0.15433333333333332,0.5427675636008115,,,,,,ElectricResistance,Electricity,542.7676977777778,0.5427676977777778,0.15433347961322713,1.0,100.0 Percent,0.5427676977777778,,,,,,,,1
324807,../load_profiles/cosimulation2/324807/up00/home.xml,HeatingSystem1,HeatingSystem,ElectricResistance,,electricity,electric_resistance,1931.0,0.16091666666666668,0.5659201756550578,,,,,,ElectricResistance,Electricity,565.9203155555556,0.5659203155555556,0.16091681918636155,1.0,100.0 Percent,0.5659203155555556,,,,,,,,1
405984,../load_profiles/cosimulation2/405984/up00/home.xml,HeatingSystem1,HeatingSystem,ElectricResistance,,electricity,electric_resistance,1967.0,0.16391666666666665,0.5764707330468662,,,,,,ElectricResistance,Electricity,576.4708755555556,0.5764708755555557,0.16391682202981522,1.0,100.0 Percent,0.5764708755555557,,,,,,,,1
436561,../load_profiles/cosimulation2/436561/up00/home.xml,HeatingSystem1,HeatingSystem,ElectricResistance,,electricity,electric_resistance,2440.0,0.20333333333333334,0.7150933343336825,,,,,,ElectricResistance,Electricity,715.0935111111111,0.7150935111111111,0.20333352605630353,1.0,100.0 Percent,0.7150935111111111,,,,,,,,1
435548,../load_profiles/cosimulation2/435548/up00/home.xml,HeatingSystem1,HeatingSystem,ElectricResistance,,electricity,electric_resistance,2503.0,0.20858333333333334,0.7335568097693472,,,,,,ElectricResistance,Electricity,733.5569911111111,0.7335569911111111,0.20858353103234745,1.0,100.0 Percent,0.7335569911111111,,,,,,,,1
144108,../load_profiles/cosimulation2/144108/up00/home.xml,HeatingSystem1,HeatingSystem,ElectricResistance,,electricity,electric_resistance,2642.0,0.22016666666666668,0.7742936841432743,,,,,,ElectricResistance,Electricity,774.2938755555556,0.7742938755555556,0.2201668753445713,1.0,100.0 Percent,0.7742938755555556,,,,,,,,1
489784,../load_profiles/cosimulation2/489784/up00/home.xml,HeatingSystem1,HeatingSystem,ElectricResistance,,electricity,electric_resistance,3207.0,0.26725,0.9398788209869343,,,,,,ElectricResistance,Electricity,939.8790533333333,0.9398790533333333,0.2672502533043301,1.0,100.0 Percent,0.9398790533333333,,,,,,,,1
179673,../load_profiles/cosimulation2/179673/up00/home.xml,HeatingSystem1,HeatingSystem,ElectricResistance,,electricity,electric_resistance,3275.0,0.27291666666666664,0.9598076516159059,,,,,,ElectricResistance,Electricity,959.8078888888889,0.9598078888888889,0.2729169253419648,1.0,100.0 Percent,0.9598078888888889,,,,,,,,1
459816,../load_profiles/cosimulation2/459816/up00/home.xml,HeatingSystem1,HeatingSystem,ElectricResistance,,electricity,electric_resistance,3395.0,0.28291666666666665,0.9949761762552672,,,,,,ElectricResistance,Electricity,994.9764222222223,0.9949764222222223,0.2829169348201437,1.0,100.0 Percent,0.9949764222222223,,,,,,,,1
68454,../load_profiles/cosimulation2/68454/up00/home.xml,HeatingSystem1,HeatingSystem,ElectricResistance,,electricity,electric_resistance,3518.0,0.2931666666666667,1.0310239140106128,,,,,,ElectricResistance,Electricity,1031.0241688888889,1.0310241688888888,0.293166944535277,1.0,100.0 Percent,1.0310241688888888,,,,,,,,1
427210,../load_profiles/cosimulation2/427210/up00/home.xml,HeatingSystem1,HeatingSystem,ElectricResistance,,electricity,electric_resistance,3632.0,0.30266666666666664,1.064434012418006,,,,,,ElectricResistance,Electricity,1064.4342755555556,1.0644342755555556,0.3026669535395469,1.0,100.0 Percent,1.0644342755555556,,,,,,,,1
266872,../load_profiles/cosimulation2/266872/up00/home.xml,HeatingSystem1,HeatingSystem,ElectricResistance,,electricity,electric_resistance,3832.0,0.31933333333333336,1.1230482201502752,,,,,,ElectricResistance,Electricity,1123.0484977777778,1.1230484977777777,0.3193336360031784,1.0,100.0 Percent,1.1230484977777777,,,,,,,,1
80718,../load_profiles/cosimulation2/80718/up00/home.xml,HeatingSystem1,HeatingSystem,ElectricResistance,,electricity,electric_resistance,3931.0,0.32758333333333334,1.1520622529777484,,,,,,ElectricResistance,Electricity,1152.0625377777778,1.1520625377777778,0.32758364382267596,1.0,100.0 Percent,1.1520625377777778,,,,,,,,1
171418,../load_profiles/cosimulation2/171418/up00/home.xml,HeatingSystem1,HeatingSystem,ElectricResistance,,electricity,electric_resistance,4124.0,0.3436666666666667,1.208624963439388,,,,,,ElectricResistance,Electricity,1208.6252622222223,1.2086252622222222,0.3436669924000803,1.0,100.0 Percent,1.2086252622222222,,,,,,,,1
533386,../load_profiles/cosimulation2/533386/up00/home.xml,HeatingSystem1,HeatingSystem,ElectricResistance,,electricity,electric_resistance,4154.0,0.3461666666666667,1.2174170945992284,,,,,,ElectricResistance,Electricity,1217.4173955555557,1.2174173955555556,0.34616699476962504,1.0,100.0 Percent,1.2174173955555556,,,,,,,,1
376893,../load_profiles/cosimulation2/376893/up00/home.xml,HeatingSystem1,HeatingSystem,ElectricResistance,,electricity,electric_resistance,4217.0,0.35141666666666665,1.2358805700348932,,,,,,ElectricResistance,Electricity,1235.8808755555556,1.2358808755555555,0.35141699974566887,1.0,100.0 Percent,1.2358808755555555,,,,,,,,1
475811,../load_profiles/cosimulation2/475811/up00/home.xml,HeatingSystem1,HeatingSystem,ElectricResistance,,electricity,electric_resistance,4338.0,0.3615,1.2713421657129158,,,,,,ElectricResistance,Electricity,1271.34248,1.27134248,0.36150034263616593,1.0,100.0 Percent,1.27134248,,,,,,,,1
516031,../load_profiles/cosimulation2/516031/up00/home.xml,HeatingSystem1,HeatingSystem,ElectricResistance,,electricity,electric_resistance,4626.0,0.3855,1.3557466248473833,,,,,,ElectricResistance,Electricity,1355.74696,1.3557469599999998,0.3855003653837952,1.0,100.0 Percent,1.3557469599999998,,,,,,,,1
63831,../load_profiles/cosimulation2/63831/up00/home.xml,HeatingSystem1,HeatingSystem,ElectricResistance,,electricity,electric_resistance,4792.0,0.3993333333333333,1.4043964172651666,,,,,,ElectricResistance,Electricity,1404.3967644444444,1.4043967644444444,0.3993337118286093,1.0,100.0 Percent,1.4043967644444444,,,,,,,,1
430350,../load_profiles/cosimulation2/430350/up00/home.xml,HeatingSystem1,HeatingSystem,ElectricResistance,,electricity,electric_resistance,5157.0,0.42975,1.5113673463765578,,,,,,ElectricResistance,Electricity,1511.36772,1.51136772,0.4297504073247366,1.0,100.0 Percent,1.51136772,,,,,,,,1
273113,../load_profiles/cosimulation2/273113/up00/home.xml,HeatingSystem1,HeatingSystem,ElectricResistance,,electricity,electric_resistance,5447.0,0.4539166666666667,1.5963579475883478,,,,,,ElectricResistance,Electricity,1596.3583422222223,1.5963583422222223,0.4539170968970022,1.0,100.0 Percent,1.5963583422222223,,,,,,,,1
396984,../load_profiles/cosimulation2/396984/up00/home.xml,HeatingSystem1,HeatingSystem,ElectricResistance,,electricity,electric_resistance,5856.0,0.488,1.716224002400838,,,,,,ElectricResistance,Electricity,1716.2244266666667,1.7162244266666666,0.4880004625351285,1.0,100.0 Percent,1.7162244266666666,,,,,,,,1
219355,../load_profiles/cosimulation2/219355/up00/home.xml,HeatingSystem1,HeatingSystem,ElectricResistance,,electricity,electric_resistance,5931.0,0.49425,1.7382043303004389,,,,,,ElectricResistance,Electricity,1738.20476,1.7382047600000001,0.49425046845899034,1.0,100.0 Percent,1.7382047600000001,,,,,,,,1
304897,../load_profiles/cosimulation2/304897/up00/home.xml,HeatingSystem1,HeatingSystem,ElectricResistance,,electricity,electric_resistance,6222.0,0.5185,1.8234880025508904,,,,,,ElectricResistance,Electricity,1823.4884533333334,1.8234884533333333,0.518500491443574,1.0,100.0 Percent,1.8234884533333333,,,,,,,,1
325754,../load_profiles/cosimulation2/325754/up00/home.xml,HeatingSystem1,HeatingSystem,ElectricResistance,,electricity,electric_resistance,6278.0,0.5231666666666667,1.8398999807159258,,,,,,ElectricResistance,Electricity,1839.9004355555555,1.8399004355555555,0.5231671625333908,1.0,100.0 Percent,1.8399004355555555,,,,,,,,1
405221,../load_profiles/cosimulation2/405221/up00/home.xml,HeatingSystem1,HeatingSystem,ElectricResistance,,electricity,electric_resistance,6441.0,0.53675,1.887670560017725,,,,,,ElectricResistance,Electricity,1887.6710266666666,1.8876710266666668,0.5367505087412504,1.0,100.0 Percent,1.8876710266666668,,,,,,,,1
149780,../load_profiles/cosimulation2/149780/up00/home.xml,HeatingSystem1,HeatingSystem,ElectricResistance,,electricity,electric_resistance,6468.0,0.539,1.8955834780615815,,,,,,ElectricResistance,Electricity,1895.5839466666666,1.8955839466666666,0.5390005108738407,1.0,100.0 Percent,1.8955839466666666,,,,,,,,1
436076,../load_profiles/cosimulation2/436076/up00/home.xml,HeatingSystem1,HeatingSystem,ElectricResistance,,electricity,electric_resistance,6680.0,0.5566666666666666,1.9577145382577865,,,,,,ElectricResistance,Electricity,1957.7150222222222,1.9577150222222222,0.55666719428529,1.0,100.0 Percent,1.9577150222222222,,,,,,,,1
455833,../load_profiles/cosimulation2/455833/up00/home.xml,HeatingSystem1,HeatingSystem,ElectricResistance,,electricity,electric_resistance,6782.0,0.5651666666666667,1.9876077842012438,,,,,,ElectricResistance,Electricity,1987.6082755555556,1.9876082755555555,0.5651672023417421,1.0,100.0 Percent,1.9876082755555555,,,,,,,,1
346224,../load_profiles/cosimulation2/346224/up00/home.xml,HeatingSystem1,HeatingSystem,ElectricResistance,,electricity,electric_resistance,6799.0,0.5665833333333333,1.9925899918584866,,,,,,ElectricResistance,Electricity,1992.5904844444444,1.9925904844444444,0.5665838703511508,1.0,100.0 Percent,1.9925904844444444,,,,,,,,1
104985,../load_profiles/cosimulation2/104985/up00/home.xml,HeatingSystem1,HeatingSystem,ElectricResistance,,electricity,electric_resistance,6900.0,0.575,2.0221901667632824,,,,,,ElectricResistance,Electricity,2022.1906666666666,2.0221906666666665,0.5750005449952846,1.0,100.0 Percent,2.0221906666666665,,,,,,,,1
154905,../load_profiles/cosimulation2/154905/up00/home.xml,HeatingSystem1,HeatingSystem,ElectricResistance,,electricity,electric_resistance,6934.0,0.5778333333333333,2.0321545820777684,,,,,,ElectricResistance,Electricity,2032.1550844444446,2.0321550844444447,0.577833881014102,1.0,100.0 Percent,2.0321550844444447,,,,,,,,1
160647,../load_profiles/cosimulation2/160647/up00/home.xml,HeatingSystem1,HeatingSystem,ElectricResistance,,electricity,electric_resistance,6993.0,0.58275,2.0494457733587876,,,,,,ElectricResistance,Electricity,2049.44628,2.04944628,0.5827505523408733,1.0,100.0 Percent,2.04944628,,,,,,,,1
248845,../load_profiles/cosimulation2/248845/up00/home.xml,HeatingSystem1,HeatingSystem,ElectricResistance,,electricity,electric_resistance,7020.0,0.585,2.057358691402644,,,,,,ElectricResistance,Electricity,2057.3592,2.0573592,0.5850005544734634,1.0,100.0 Percent,2.0573592,,,,,,,,1
344050,../load_profiles/cosimulation2/344050/up00/home.xml,HeatingSystem1,HeatingSystem,ElectricResistance,,electricity,electric_resistance,7055.0,0.5879166666666666,2.067616177755791,,,,,,ElectricResistance,Electricity,2067.616688888889,2.0676166888888887,0.587917223904599,1.0,100.0 Percent,2.0676166888888887,,,,,,,,1
354800,../load_profiles/cosimulation2/354800/up00/home.xml,HeatingSystem1,HeatingSystem,ElectricResistance,,electricity,electric_resistance,7081.0,0.5900833333333333,2.075236024760986,,,,,,ElectricResistance,Electricity,2075.236537777778,2.0752365377777777,0.590083892624871,1.0,100.0 Percent,2.0752365377777777,,,,,,,,1
175062,../load_profiles/cosimulation2/175062/up00/home.xml,HeatingSystem1,HeatingSystem,ElectricResistance,,electricity,electric_resistance,7109.0,0.5924166666666667,2.0834420138435035,,,,,,ElectricResistance,Electricity,2083.442528888889,2.083442528888889,0.5924172281697795,1.0,100.0 Percent,2.083442528888889,,,,,,,,1
249922,../load_profiles/cosimulation2/249922/up00/home.xml,HeatingSystem1,HeatingSystem,ElectricResistance,,electricity,electric_resistance,7220.0,0.6016666666666667,2.115972899134913,,,,,,ElectricResistance,Electricity,2115.9734222222223,2.1159734222222224,0.601667236937095,1.0,100.0 Percent,2.1159734222222224,,,,,,,,1
153155,../load_profiles/cosimulation2/153155/up00/home.xml,HeatingSystem1,HeatingSystem,ElectricResistance,,electricity,electric_resistance,7612.0,0.6343333333333333,2.2308567462901605,,,,,,ElectricResistance,Electricity,2230.8572977777776,2.2308572977777774,0.6343339345658124,1.0,100.0 Percent,2.2308572977777774,,,,,,,,1
467337,../load_profiles/cosimulation2/467337/up00/home.xml,HeatingSystem1,HeatingSystem,ElectricResistance,,electricity,electric_resistance,7726.0,0.6438333333333334,2.264266844697554,,,,,,ElectricResistance,Electricity,2264.2674044444443,2.2642674044444444,0.6438339435700824,1.0,100.0 Percent,2.2642674044444444,,,,,,,,1
121812,../load_profiles/cosimulation2/121812/up00/home.xml,HeatingSystem1,HeatingSystem,ElectricResistance,,electricity,electric_resistance,7759.0,0.6465833333333333,2.273938188973378,,,,,,ElectricResistance,Electricity,2273.9387511111113,2.2739387511111113,0.6465839461765817,1.0,100.0 Percent,2.2739387511111113,,,,,,,,1
380662,../load_profiles/cosimulation2/380662/up00/home.xml,HeatingSystem1,HeatingSystem,ElectricResistance,,electricity,electric_resistance,7827.0,0.65225,2.2938670196023496,,,,,,ElectricResistance,Electricity,2293.8675866666667,2.293867586666667,0.6522506182142164,1.0,100.0 Percent,2.293867586666667,,,,,,,,1
245919,../load_profiles/cosimulation2/245919/up00/home.xml,HeatingSystem1,HeatingSystem,ElectricResistance,,electricity,electric_resistance,8062.0,0.6718333333333333,2.3627387136877656,,,,,,ElectricResistance,Electricity,2362.7392977777777,2.3627392977777775,0.6718339701089833,1.0,100.0 Percent,2.3627392977777775,,,,,,,,1
37629,../load_profiles/cosimulation2/37629/up00/home.xml,HeatingSystem1,HeatingSystem,ElectricResistance,,electricity,electric_resistance,8221.0,0.6850833333333334,2.4093370088349197,,,,,,ElectricResistance,Electricity,2409.3376044444444,2.4093376044444446,0.6850839826675703,1.0,100.0 Percent,2.4093376044444446,,,,,,,,1
290158,../load_profiles/cosimulation2/290158/up00/home.xml,HeatingSystem1,HeatingSystem,ElectricResistance,,electricity,electric_resistance,8672.0,0.7226666666666667,2.5415120472711865,,,,,,ElectricResistance,Electricity,2541.5126755555557,2.5415126755555555,0.7226673516230592,1.0,100.0 Percent,2.5415126755555555,,,,,,,,1
11556,../load_profiles/cosimulation2/11556/up00/home.xml,HeatingSystem1,HeatingSystem,ElectricResistance,,electricity,electric_resistance,8839.0,0.7365833333333334,2.590454910727631,,,,,,ElectricResistance,Electricity,2590.455551111111,2.5904555511111114,0.7365840314801915,1.0,100.0 Percent,2.5904555511111114,,,,,,,,1
431968,../load_profiles/cosimulation2/431968/up00/home.xml,HeatingSystem1,HeatingSystem,ElectricResistance,,electricity,electric_resistance,9274.0,0.7728333333333334,2.7179408125453164,,,,,,ElectricResistance,Electricity,2717.9414844444445,2.7179414844444447,0.7728340658385898,1.0,100.0 Percent,2.7179414844444447,,,,,,,,1
481067,../load_profiles/cosimulation2/481067/up00/home.xml,HeatingSystem1,HeatingSystem,ElectricResistance,,electricity,electric_resistance,9348.0,0.779,2.7396280694062556,,,,,,ElectricResistance,Electricity,2739.6287466666668,2.739628746666667,0.7790007383501335,1.0,100.0 Percent,2.739628746666667,,,,,,,,1
381278,../load_profiles/cosimulation2/381278/up00/home.xml,HeatingSystem1,HeatingSystem,ElectricResistance,,electricity,electric_resistance,9373.0,0.7810833333333334,2.7469548453727892,,,,,,ElectricResistance,Electricity,2746.9555244444446,2.7469555244444446,0.7810840736580874,1.0,100.0 Percent,2.7469555244444446,,,,,,,,1
505114,../load_profiles/cosimulation2/505114/up00/home.xml,HeatingSystem1,HeatingSystem,ElectricResistance,,electricity,electric_resistance,9674.0,0.8061666666666667,2.835169228009854,,,,,,ElectricResistance,Electricity,2835.169928888889,2.835169928888889,0.8061674307658527,1.0,100.0 Percent,2.835169928888889,,,,,,,,1
425378,../load_profiles/cosimulation2/425378/up00/home.xml,HeatingSystem1,HeatingSystem,ElectricResistance,,electricity,electric_resistance,9989.0,0.8324166666666667,2.9274866051881783,,,,,,ElectricResistance,Electricity,2927.487328888889,2.9274873288888887,0.8324174556460722,1.0,100.0 Percent,2.9274873288888887,,,,,,,,1
446091,../load_profiles/cosimulation2/446091/up00/home.xml,HeatingSystem1,HeatingSystem,ElectricResistance,,electricity,electric_resistance,10236.0,0.853,2.9998751517375304,,,,,,ElectricResistance,Electricity,2999.8758933333334,2.9998758933333334,0.853000808488657,1.0,100.0 Percent,2.9998758933333334,,,,,,,,1
264851,../load_profiles/cosimulation2/264851/up00/home.xml,HeatingSystem1,HeatingSystem,ElectricResistance,,electricity,electric_resistance,10346.0,0.8621666666666666,3.0321129659902786,,,,,,ElectricResistance,Electricity,3032.1137155555557,3.0321137155555555,0.8621674838436544,1.0,100.0 Percent,3.0321137155555555,,,,,,,,1
297932,../load_profiles/cosimulation2/297932/up00/home.xml,HeatingSystem1,HeatingSystem,ElectricResistance,,electricity,electric_resistance,10488.0,0.874,3.0737290534801893,,,,,,ElectricResistance,Electricity,3073.7298133333334,3.0737298133333333,0.8740008283928327,1.0,100.0 Percent,3.0737298133333333,,,,,,,,1
537823,../load_profiles/cosimulation2/537823/up00/home.xml,HeatingSystem1,HeatingSystem,ElectricResistance,,electricity,electric_resistance,10700.0,0.8916666666666667,3.1358601136763946,,,,,,ElectricResistance,Electricity,3135.860888888889,3.135860888888889,0.8916675118042819,1.0,100.0 Percent,3.135860888888889,,,,,,,,1
330130,../load_profiles/cosimulation2/330130/up00/home.xml,HeatingSystem1,HeatingSystem,ElectricResistance,,electricity,electric_resistance,10731.0,0.89425,3.1449453158748963,,,,,,ElectricResistance,Electricity,3144.9460933333335,3.1449460933333335,0.8942508475861448,1.0,100.0 Percent,3.1449460933333335,,,,,,,,1
508159,../load_profiles/cosimulation2/508159/up00/home.xml,HeatingSystem1,HeatingSystem,ElectricResistance,,electricity,electric_resistance,11685.0,0.97375,3.4245350867578197,,,,,,ElectricResistance,Electricity,3424.5359333333336,3.4245359333333334,0.9737509229376669,1.0,100.0 Percent,3.4245359333333334,,,,,,,,1
299576,../load_profiles/cosimulation2/299576/up00/home.xml,HeatingSystem1,HeatingSystem,ElectricResistance,,electricity,electric_resistance,11776.0,0.9813333333333333,3.4512045512760023,,,,,,ElectricResistance,Electricity,3451.2054044444444,3.4512054044444445,0.9813342634586191,1.0,100.0 Percent,3.4512054044444445,,,,,,,,1
371553,../load_profiles/cosimulation2/371553/up00/home.xml,HeatingSystem1,HeatingSystem,ElectricResistance,,electricity,electric_resistance,11982.0,0.9985,3.511577185240239,,,,,,ElectricResistance,Electricity,3511.578053333333,3.5115780533333334,0.9985009463961594,1.0,100.0 Percent,3.5115780533333334,,,,,,,,1
429451,../load_profiles/cosimulation2/429451/up00/home.xml,HeatingSystem1,HeatingSystem,ElectricResistance,,electricity,electric_resistance,11993.0,0.9994166666666666,3.514800966665514,,,,,,ElectricResistance,Electricity,3514.8018355555555,3.5148018355555557,0.9994176139316592,1.0,100.0 Percent,3.5148018355555557,,,,,,,,1
399486,../load_profiles/cosimulation2/399486/up00/home.xml,HeatingSystem1,HeatingSystem,ElectricResistance,,electricity,electric_resistance,12162.0,1.0135,3.5643299721992814,,,,,,ElectricResistance,Electricity,3564.3308533333334,3.5643308533333333,1.0135009606134278,1.0,100.0 Percent,3.5643308533333333,,,,,,,,1
345258,../load_profiles/cosimulation2/345258/up00/home.xml,HeatingSystem1,HeatingSystem,ElectricResistance,,electricity,electric_resistance,12348.0,1.029,3.6188411853902918,,,,,,ElectricResistance,Electricity,3618.84208,3.61884208,1.029000975304605,1.0,100.0 Percent,3.61884208,,,,,,,,1
289572,../load_profiles/cosimulation2/289572/up00/home.xml,HeatingSystem1,HeatingSystem,ElectricResistance,,electricity,electric_resistance,12470.0,1.0391666666666666,3.6545958521069757,,,,,,ElectricResistance,Electricity,3654.596755555556,3.6545967555555556,1.0391676516074202,1.0,100.0 Percent,3.6545967555555556,,,,,,,,1
381145,../load_profiles/cosimulation2/381145/up00/home.xml,HeatingSystem1,HeatingSystem,ElectricResistance,,electricity,electric_resistance,12819.0,1.06825,3.7568776445997853,,,,,,ElectricResistance,Electricity,3756.8785733333334,3.756878573333333,1.068251012506457,1.0,100.0 Percent,3.756878573333333,,,,,,,,1
193830,../load_profiles/cosimulation2/193830/up00/home.xml,HeatingSystem1,HeatingSystem,ElectricResistance,,electricity,electric_resistance,13122.0,1.0935,3.845678169314173,,,,,,ElectricResistance,Electricity,3845.6791200000002,3.8456791200000002,1.0935010364388587,1.0,100.0 Percent,3.8456791200000002,,,,,,,,1
450,../load_profiles/cosimulation2/450/up00/home.xml,HeatingSystem1,HeatingSystem,ElectricResistance,,electricity,electric_resistance,13524.0,1.127,3.9634927268560336,,,,,,ElectricResistance,Electricity,3963.4937066666666,3.9634937066666667,1.1270010681907578,1.0,100.0 Percent,3.9634937066666667,,,,,,,,1
524721,../load_profiles/cosimulation2/524721/up00/home.xml,HeatingSystem1,HeatingSystem,ElectricResistance,,electricity,electric_resistance,13711.0,1.1425833333333333,4.018297011085705,,,,,,ElectricResistance,Electricity,4018.2980044444444,4.0182980044444445,1.1425844162942533,1.0,100.0 Percent,4.0182980044444445,,,,,,,,1
204757,../load_profiles/cosimulation2/204757/up00/home.xml,HeatingSystem1,HeatingSystem,ElectricResistance,,electricity,electric_resistance,13777.0,1.1480833333333333,4.037639699637354,,,,,,ElectricResistance,Electricity,4037.640697777778,4.0376406977777775,1.1480844215072517,1.0,100.0 Percent,4.0376406977777775,,,,,,,,1
280340,../load_profiles/cosimulation2/280340/up00/home.xml,HeatingSystem1,HeatingSystem,ElectricResistance,,electricity,electric_resistance,14174.0,1.1811666666666667,4.153988901985908,,,,,,ElectricResistance,Electricity,4153.989928888889,4.1539899288888895,1.18116778619756,1.0,100.0 Percent,4.1539899288888895,,,,,,,,1
544926,../load_profiles/cosimulation2/544926/up00/home.xml,HeatingSystem1,HeatingSystem,ElectricResistance,,electricity,electric_resistance,14182.0,1.1818333333333333,4.156333470295199,,,,,,ElectricResistance,Electricity,4156.334497777778,4.156334497777778,1.1818344534961054,1.0,100.0 Percent,4.156334497777778,,,,,,,,1
112124,../load_profiles/cosimulation2/112124/up00/home.xml,HeatingSystem1,HeatingSystem,ElectricResistance,,electricity,electric_resistance,14311.0,1.1925833333333333,4.194139634282513,,,,,,ElectricResistance,Electricity,4194.140671111111,4.1941406711111116,1.1925844636851477,1.0,100.0 Percent,4.1941406711111116,,,,,,,,1
282050,../load_profiles/cosimulation2/282050/up00/home.xml,HeatingSystem1,HeatingSystem,ElectricResistance,,electricity,electric_resistance,15087.0,1.25725,4.421562760283717,,,,,,ElectricResistance,Electricity,4421.563853333333,4.421563853333333,1.2572511916440374,1.0,100.0 Percent,4.421563853333333,,,,,,,,1
517316,../load_profiles/cosimulation2/517316/up00/home.xml,HeatingSystem1,HeatingSystem,ElectricResistance,,electricity,electric_resistance,15266.0,1.2721666666666667,4.474022476204097,,,,,,ElectricResistance,Electricity,4474.023582222222,4.474023582222222,1.2721678724489875,1.0,100.0 Percent,4.474023582222222,,,,,,,,1
325341,../load_profiles/cosimulation2/325341/up00/home.xml,HeatingSystem1,HeatingSystem,ElectricResistance,,electricity,electric_resistance,15269.0,1.2724166666666668,4.474901689320081,,,,,,ElectricResistance,Electricity,4474.902795555556,4.474902795555556,1.2724178726859423,1.0,100.0 Percent,4.474902795555556,,,,,,,,1
43591,../load_profiles/cosimulation2/43591/up00/home.xml,HeatingSystem1,HeatingSystem,ElectricResistance,,electricity,electric_resistance,15416.0,1.2846666666666666,4.517983132003299,,,,,,ElectricResistance,Electricity,4517.984248888889,4.517984248888889,1.2846678842967112,1.0,100.0 Percent,4.517984248888889,,,,,,,,1
22049,../load_profiles/cosimulation2/22049/up00/home.xml,HeatingSystem1,HeatingSystem,ElectricResistance,,electricity,electric_resistance,16166.0,1.3471666666666666,4.737786410999308,,,,,,ElectricResistance,Electricity,4737.787582222222,4.737787582222222,1.3471679435353292,1.0,100.0 Percent,4.737787582222222,,,,,,,,1
136199,../load_profiles/cosimulation2/136199/up00/home.xml,HeatingSystem1,HeatingSystem,ElectricResistance,,electricity,electric_resistance,17092.0,1.4243333333333332,5.009170192799714,,,,,,ElectricResistance,Electricity,5009.171431111111,5.009171431111111,1.4243346833419426,1.0,100.0 Percent,5.009171431111111,,,,,,,,1
484478,../load_profiles/cosimulation2/484478/up00/home.xml,HeatingSystem1,HeatingSystem,ElectricResistance,,electricity,electric_resistance,17624.0,1.4686666666666666,5.165083985367549,,,,,,ElectricResistance,Electricity,5165.085262222222,5.165085262222222,1.4686680586952023,1.0,100.0 Percent,5.165085262222222,,,,,,,,1
186734,../load_profiles/cosimulation2/186734/up00/home.xml,HeatingSystem1,HeatingSystem,ElectricResistance,,electricity,electric_resistance,18185.0,1.5154166666666666,5.329496838056564,,,,,,ElectricResistance,Electricity,5329.498155555556,5.329498155555556,1.5154181030056886,1.0,100.0 Percent,5.329498155555556,,,,,,,,1
32387,../load_profiles/cosimulation2/32387/up00/home.xml,HeatingSystem1,HeatingSystem,ElectricResistance,,electricity,electric_resistance,18332.0,1.5276666666666667,5.3725782807397815,,,,,,ElectricResistance,Electricity,5372.579608888889,5.3725796088888895,1.5276681146164577,1.0,100.0 Percent,5.3725796088888895,,,,,,,,1
238583,../load_profiles/cosimulation2/238583/up00/home.xml,HeatingSystem1,HeatingSystem,ElectricResistance,,electricity,electric_resistance,18422.0,1.5351666666666666,5.398954674219303,,,,,,ElectricResistance,Electricity,5398.956008888889,5.39895600888889,1.5351681217250919,1.0,100.0 Percent,5.39895600888889,,,,,,,,1
400139,../load_profiles/cosimulation2/400139/up00/home.xml,HeatingSystem1,HeatingSystem,ElectricResistance,,electricity,electric_resistance,18880.0,1.5733333333333333,5.533181209926199,,,,,,ElectricResistance,Electricity,5533.182577777778,5.533182577777778,1.5733348245668077,1.0,100.0 Percent,5.533182577777778,,,,,,,,1
310734,../load_profiles/cosimulation2/310734/up00/home.xml,HeatingSystem1,HeatingSystem,ElectricResistance,,electricity,electric_resistance,18912.0,1.576,5.542559483163362,,,,,,ElectricResistance,Electricity,5542.560853333333,5.542560853333334,1.5760014937609887,1.0,100.0 Percent,5.542560853333334,,,,,,,,1
208222,../load_profiles/cosimulation2/208222/up00/home.xml,HeatingSystem1,HeatingSystem,ElectricResistance,,electricity,electric_resistance,19541.0,1.6284166666666666,5.7269011664813485,,,,,,ElectricResistance,Electricity,5726.902582222222,5.726902582222222,1.6284182101091096,1.0,100.0 Percent,5.726902582222222,,,,,,,,1
292272,../load_profiles/cosimulation2/292272/up00/home.xml,HeatingSystem1,HeatingSystem,ElectricResistance,,electricity,electric_resistance,20127.0,1.67725,5.898640795136897,,,,,,ElectricResistance,Electricity,5898.642253333333,5.898642253333334,1.6772515897275497,1.0,100.0 Percent,5.898642253333334,,,,,,,,1
286847,../load_profiles/cosimulation2/286847/up00/home.xml,HeatingSystem1,HeatingSystem,ElectricResistance,,electricity,electric_resistance,20847.0,1.73725,6.109651942973065,,,,,,ElectricResistance,Electricity,6109.653453333333,6.109653453333333,1.737251646596623,1.0,100.0 Percent,6.109653453333333,,,,,,,,1
469947,../load_profiles/cosimulation2/469947/up00/home.xml,HeatingSystem1,HeatingSystem,ElectricResistance,,electricity,electric_resistance,20921.0,1.7434166666666666,6.131339199834005,,,,,,ElectricResistance,Electricity,6131.340715555556,6.131340715555556,1.7434183191081667,1.0,100.0 Percent,6.131340715555556,,,,,,,,1
468345,../load_profiles/cosimulation2/468345/up00/home.xml,HeatingSystem1,HeatingSystem,ElectricResistance,,electricity,electric_resistance,21035.0,1.7529166666666667,6.164749298241398,,,,,,ElectricResistance,Electricity,6164.750822222222,6.1647508222222225,1.7529183281124365,1.0,100.0 Percent,6.1647508222222225,,,,,,,,1
194284,../load_profiles/cosimulation2/194284/up00/home.xml,HeatingSystem1,HeatingSystem,ElectricResistance,,electricity,electric_resistance,21182.0,1.7651666666666668,6.207830740924616,,,,,,ElectricResistance,Electricity,6207.8322755555555,6.207832275555555,1.7651683397232056,1.0,100.0 Percent,6.207832275555555,,,,,,,,1
122799,../load_profiles/cosimulation2/122799/up00/home.xml,HeatingSystem1,HeatingSystem,ElectricResistance,,electricity,electric_resistance,21459.0,1.78825,6.289011418633809,,,,,,ElectricResistance,Electricity,6289.012973333333,6.2890129733333335,1.788251694935335,1.0,100.0 Percent,6.2890129733333335,,,,,,,,1
503463,../load_profiles/cosimulation2/503463/up00/home.xml,HeatingSystem1,HeatingSystem,ElectricResistance,,electricity,electric_resistance,21661.0,1.8050833333333334,6.3482117684434005,,,,,,ElectricResistance,Electricity,6348.213337777778,6.3482133377777785,1.805085044223603,1.0,100.0 Percent,6.3482133377777785,,,,,,,,1
178592,../load_profiles/cosimulation2/178592/up00/home.xml,HeatingSystem1,HeatingSystem,ElectricResistance,,electricity,electric_resistance,21917.0,1.8264166666666666,6.4232379543407045,,,,,,ElectricResistance,Electricity,6423.239542222223,6.423239542222222,1.8264183977770512,1.0,100.0 Percent,6.423239542222222,,,,,,,,1
184514,../load_profiles/cosimulation2/184514/up00/home.xml,HeatingSystem1,HeatingSystem,ElectricResistance,,electricity,electric_resistance,22455.0,1.87125,6.580910173140508,,,,,,ElectricResistance,Electricity,6580.9118,6.5809118,1.8712517736042198,1.0,100.0 Percent,6.5809118,,,,,,,,1
361613,../load_profiles/cosimulation2/361613/up00/home.xml,HeatingSystem1,HeatingSystem,ElectricResistance,,electricity,electric_resistance,23705.0,1.9754166666666666,6.94724897146719,,,,,,ElectricResistance,Electricity,6947.250688888889,6.947250688888889,1.9754185390019163,1.0,100.0 Percent,6.947250688888889,,,,,,,,1
104180,../load_profiles/cosimulation2/104180/up00/home.xml,HeatingSystem1,HeatingSystem,ElectricResistance,,electricity,electric_resistance,23844.0,1.987,6.987985845841117,,,,,,ElectricResistance,Electricity,6987.987573333334,6.987987573333334,1.9870018833141403,1.0,100.0 Percent,6.987987573333334,,,,,,,,1
201919,../load_profiles/cosimulation2/201919/up00/home.xml,HeatingSystem1,HeatingSystem,ElectricResistance,,electricity,electric_resistance,23944.0,1.9953333333333334,7.017292949707252,,,,,,ElectricResistance,Electricity,7017.294684444444,7.017294684444444,1.9953352245459557,1.0,100.0 Percent,7.017294684444444,,,,,,,,1
164619,../load_profiles/cosimulation2/164619/up00/home.xml,HeatingSystem1,HeatingSystem,ElectricResistance,,electricity,electric_resistance,24940.0,2.078333333333333,7.309191704213951,,,,,,ElectricResistance,Electricity,7309.193511111112,7.309193511111111,2.0783353032148404,1.0,100.0 Percent,7.309193511111111,,,,,,,,1
504038,../load_profiles/cosimulation2/504038/up00/home.xml,HeatingSystem1,HeatingSystem,ElectricResistance,,electricity,electric_resistance,26166.0,2.1805,7.668496797612761,,,,,,ElectricResistance,Electricity,7668.498693333334,7.668498693333334,2.180502066716901,1.0,100.0 Percent,7.668498693333334,,,,,,,,1
172046,../load_profiles/cosimulation2/172046/up00/home.xml,HeatingSystem1,HeatingSystem,ElectricResistance,,electricity,electric_resistance,26575.0,2.214583333333333,7.7883628524252515,,,,,,ElectricResistance,Electricity,7788.364777777778,7.788364777777778,2.2145854323550274,1.0,100.0 Percent,7.788364777777778,,,,,,,,1
433715,../load_profiles/cosimulation2/433715/up00/home.xml,HeatingSystem1,HeatingSystem,ElectricResistance,,electricity,electric_resistance,26739.0,2.22825,7.836426502765712,,,,,,ElectricResistance,Electricity,7836.42844,7.83642844,2.228252111975205,1.0,100.0 Percent,7.83642844,,,,,,,,1
501691,../load_profiles/cosimulation2/501691/up00/home.xml,HeatingSystem1,HeatingSystem,ElectricResistance,,electricity,electric_resistance,26873.0,2.2394166666666666,7.875698021946332,,,,,,ElectricResistance,Electricity,7875.699968888889,7.875699968888889,2.239418789225838,1.0,100.0 Percent,7.875699968888889,,,,,,,,1
196948,../load_profiles/cosimulation2/196948/up00/home.xml,HeatingSystem1,HeatingSystem,ElectricResistance,,electricity,electric_resistance,27510.0,2.2925,8.06238427357361,,,,,,ElectricResistance,Electricity,8062.386266666666,8.062386266666666,2.292502172872504,1.0,100.0 Percent,8.062386266666666,,,,,,,,1
250420,../load_profiles/cosimulation2/250420/up00/home.xml,HeatingSystem1,HeatingSystem,ElectricResistance,,electricity,electric_resistance,28122.0,2.3435,8.241743749234352,,,,,,ElectricResistance,Electricity,8241.745786666666,8.241745786666666,2.3435022212112164,1.0,100.0 Percent,8.241745786666666,,,,,,,,1
208263,../load_profiles/cosimulation2/208263/up00/home.xml,HeatingSystem1,HeatingSystem,ElectricResistance,,electricity,electric_resistance,28543.0,2.3785833333333333,8.365126656510778,,,,,,ElectricResistance,Electricity,8365.128724444445,8.365128724444444,2.378585587797161,1.0,100.0 Percent,8.365128724444444,,,,,,,,1
127577,../load_profiles/cosimulation2/127577/up00/home.xml,HeatingSystem1,HeatingSystem,ElectricResistance,,electricity,electric_resistance,28980.0,2.415,8.493198700405786,,,,,,ElectricResistance,Electricity,8493.2008,8.4932008,2.4150022889801956,1.0,100.0 Percent,8.4932008,,,,,,,,1
22939,../load_profiles/cosimulation2/22939/up00/home.xml,HeatingSystem1,HeatingSystem,ElectricResistance,,electricity,electric_resistance,29396.0,2.449666666666667,8.615116252488907,,,,,,ElectricResistance,Electricity,8615.118382222223,8.615118382222223,2.449668988504549,1.0,100.0 Percent,8.615118382222223,,,,,,,,1
366404,../load_profiles/cosimulation2/366404/up00/home.xml,HeatingSystem1,HeatingSystem,ElectricResistance,,electricity,electric_resistance,29621.0,2.4684166666666667,8.681057236187709,,,,,,ElectricResistance,Electricity,8681.059382222222,8.681059382222221,2.468419006276134,1.0,100.0 Percent,8.681059382222221,,,,,,,,1
8410,../load_profiles/cosimulation2/8410/up00/home.xml,HeatingSystem1,HeatingSystem,ElectricResistance,,electricity,electric_resistance,29696.0,2.474666666666667,8.70303756408731,,,,,,ElectricResistance,Electricity,8703.039715555557,8.703039715555557,2.474669012199996,1.0,100.0 Percent,8.703039715555557,,,,,,,,1
175504,../load_profiles/cosimulation2/175504/up00/home.xml,HeatingSystem1,HeatingSystem,ElectricResistance,,electricity,electric_resistance,29716.0,2.4763333333333333,8.708898984860538,,,,,,ElectricResistance,Electricity,8708.901137777779,8.70890113777778,2.4763356804463594,1.0,100.0 Percent,8.70890113777778,,,,,,,,1
507104,../load_profiles/cosimulation2/507104/up00/home.xml,HeatingSystem1,HeatingSystem,ElectricResistance,,electricity,electric_resistance,29837.0,2.4864166666666665,8.74436058053856,,,,,,ElectricResistance,Electricity,8744.362742222222,8.744362742222222,2.486419023336856,1.0,100.0 Percent,8.744362742222222,,,,,,,,1
62,../load_profiles/cosimulation2/62/up00/home.xml,HeatingSystem1,HeatingSystem,ElectricResistance,,electricity,electric_resistance,31120.0,2.5933333333333333,9.120370723141065,,,,,,ElectricResistance,Electricity,9120.372977777777,9.120372977777777,2.5933357913410515,1.0,100.0 Percent,9.120372977777777,,,,,,,,1
48517,../load_profiles/cosimulation2/48517/up00/home.xml,HeatingSystem1,HeatingSystem,ElectricResistance,,electricity,electric_resistance,31351.0,2.6125833333333333,9.188070133071836,,,,,,ElectricResistance,Electricity,9188.072404444445,9.188072404444444,2.6125858095865464,1.0,100.0 Percent,9.188072404444444,,,,,,,,1
392565,../load_profiles/cosimulation2/392565/up00/home.xml,HeatingSystem1,HeatingSystem,ElectricResistance,,electricity,electric_resistance,31791.0,2.64925,9.317021390082829,,,,,,ElectricResistance,Electricity,9317.023693333333,9.317023693333333,2.649252511006535,1.0,100.0 Percent,9.317023693333333,,,,,,,,1
394469,../load_profiles/cosimulation2/394469/up00/home.xml,HeatingSystem1,HeatingSystem,ElectricResistance,,electricity,electric_resistance,31817.0,2.6514166666666665,9.324641237088024,,,,,,ElectricResistance,Electricity,9324.643542222222,9.324643542222223,2.6514191797268074,1.0,100.0 Percent,9.324643542222223,,,,,,,,1
99311,../load_profiles/cosimulation2/99311/up00/home.xml,HeatingSystem1,HeatingSystem,ElectricResistance,,electricity,electric_resistance,31980.0,2.665,9.372411816389823,,,,,,ElectricResistance,Electricity,9372.414133333334,9.372414133333333,2.6650025259346672,1.0,100.0 Percent,9.372414133333333,,,,,,,,1
451093,../load_profiles/cosimulation2/451093/up00/home.xml,HeatingSystem1,HeatingSystem,ElectricResistance,,electricity,electric_resistance,32096.0,2.6746666666666665,9.406408056874538,,,,,,ElectricResistance,Electricity,9406.410382222222,9.406410382222223,2.674669201763573,1.0,100.0 Percent,9.406410382222223,,,,,,,,1
543821,../load_profiles/cosimulation2/543821/up00/home.xml,HeatingSystem1,HeatingSystem,ElectricResistance,,electricity,electric_resistance,32667.0,2.72225,9.573751619950167,,,,,,ElectricResistance,Electricity,9573.753986666667,9.573753986666667,2.722252580197241,1.0,100.0 Percent,9.573753986666667,,,,,,,,1
247965,../load_profiles/cosimulation2/247965/up00/home.xml,HeatingSystem1,HeatingSystem,ElectricResistance,,electricity,electric_resistance,35336.0,2.9446666666666665,10.355958222137298,,,,,,ElectricResistance,Electricity,10355.960782222222,10.355960782222223,2.9446694576744026,1.0,100.0 Percent,10.355960782222223,,,,,,,,1
56640,../load_profiles/cosimulation2/56640/up00/home.xml,HeatingSystem1,HeatingSystem,ElectricResistance,,electricity,electric_resistance,35648.0,2.970666666666667,10.447396386199637,,,,,,ElectricResistance,Electricity,10447.398968888889,10.447398968888889,2.9706694823176676,1.0,100.0 Percent,10.447398968888889,,,,,,,,1
161642,../load_profiles/cosimulation2/161642/up00/home.xml,HeatingSystem1,HeatingSystem,ElectricResistance,,electricity,electric_resistance,38056.0,3.171333333333333,11.153111447296157,,,,,,ElectricResistance,Electricity,11153.114204444444,11.153114204444444,3.17133633917979,1.0,100.0 Percent,11.153114204444444,,,,,,,,1
156916,../load_profiles/cosimulation2/156916/up00/home.xml,HeatingSystem1,HeatingSystem,ElectricResistance,,electricity,electric_resistance,38361.0,3.19675,11.242498114087867,,,,,,ElectricResistance,Electricity,11242.500893333334,11.242500893333334,3.1967530299368283,1.0,100.0 Percent,11.242500893333334,,,,,,,,1
183747,../load_profiles/cosimulation2/183747/up00/home.xml,HeatingSystem1,HeatingSystem,ElectricResistance,,electricity,electric_resistance,38365.0,3.1970833333333335,11.243670398242513,,,,,,ElectricResistance,Electricity,11243.673177777779,11.24367317777778,3.197086363586101,1.0,100.0 Percent,11.24367317777778,,,,,,,,1
188691,../load_profiles/cosimulation2/188691/up00/home.xml,HeatingSystem1,HeatingSystem,ElectricResistance,,electricity,electric_resistance,39141.0,3.26175,11.471093524243717,,,,,,ElectricResistance,Electricity,11471.09636,11.471096359999999,3.2617530915449904,1.0,100.0 Percent,11.471096359999999,,,,,,,,1
390429,../load_profiles/cosimulation2/390429/up00/home.xml,HeatingSystem1,HeatingSystem,ElectricResistance,,electricity,electric_resistance,41466.0,3.4555,12.152483689131344,,,,,,ElectricResistance,Electricity,12152.486693333334,12.152486693333334,3.4555032751847063,1.0,100.0 Percent,12.152486693333334,,,,,,,,1
125246,../load_profiles/cosimulation2/125246/up00/home.xml,HeatingSystem1,HeatingSystem,ElectricResistance,,electricity,electric_resistance,41525.0,3.4604166666666667,12.169774880412364,,,,,,ElectricResistance,Electricity,12169.77788888889,12.16977788888889,3.4604199465114776,1.0,100.0 Percent,12.16977788888889,,,,,,,,1
105451,../load_profiles/cosimulation2/105451/up00/home.xml,HeatingSystem1,HeatingSystem,ElectricResistance,,electricity,electric_resistance,42106.0,3.5088333333333335,12.340049153874604,,,,,,ElectricResistance,Electricity,12340.052204444444,12.340052204444444,3.5088366590683266,1.0,100.0 Percent,12.340052204444444,,,,,,,,1
142454,../load_profiles/cosimulation2/142454/up00/home.xml,HeatingSystem1,HeatingSystem,ElectricResistance,,electricity,electric_resistance,42889.0,3.5740833333333333,12.569523777146438,,,,,,ElectricResistance,Electricity,12569.526884444445,12.569526884444445,3.574086720913444,1.0,100.0 Percent,12.569526884444445,,,,,,,,1
215972,../load_profiles/cosimulation2/215972/up00/home.xml,HeatingSystem1,HeatingSystem,ElectricResistance,,electricity,electric_resistance,44222.0,3.6851666666666665,12.960187471682012,,,,,,ElectricResistance,Electricity,12960.190675555556,12.960190675555555,3.6851701595335475,1.0,100.0 Percent,12.960190675555555,,,,,,,,1
199434,../load_profiles/cosimulation2/199434/up00/home.xml,HeatingSystem1,HeatingSystem,ElectricResistance,,electricity,electric_resistance,45237.0,3.76975,13.257654575923278,,,,,,ElectricResistance,Electricity,13257.657853333334,13.257657853333335,3.769753573036477,1.0,100.0 Percent,13.257657853333335,,,,,,,,1
192781,../load_profiles/cosimulation2/192781/up00/home.xml,HeatingSystem1,HeatingSystem,ElectricResistance,,electricity,electric_resistance,46201.0,3.8500833333333335,13.540175057192814,,,,,,ElectricResistance,Electricity,13540.178404444445,13.540178404444445,3.8500869825111805,1.0,100.0 Percent,13.540178404444445,,,,,,,,1
57021,../load_profiles/cosimulation2/57021/up00/home.xml,HeatingSystem1,HeatingSystem,ElectricResistance,,electricity,electric_resistance,46278.0,3.8565,13.562741527169738,,,,,,ElectricResistance,Electricity,13562.74488,13.56274488,3.8565036552596785,1.0,100.0 Percent,13.56274488,,,,,,,,1
531648,../load_profiles/cosimulation2/531648/up00/home.xml,HeatingSystem1,HeatingSystem,ElectricResistance,,electricity,electric_resistance,56208.0,4.684,16.472936941076895,,,,,,ElectricResistance,Electricity,16472.941013333333,16.472941013333333,4.684004439578979,1.0,100.0 Percent,16.472941013333333,,,,,,,,1
467452,../load_profiles/cosimulation2/467452/up00/home.xml,HeatingSystem1,HeatingSystem,ElectricResistance,,electricity,electric_resistance,62570.0,5.214166666666666,18.337454889040377,,,,,,ElectricResistance,Electricity,18337.459422222222,18.33745942222222,5.214171608747096,1.0,100.0 Percent,18.33745942222222,,,,,,,,1
247954,../load_profiles/cosimulation2/247954/up00/home.xml,HeatingSystem1,HeatingSystem,ElectricResistance,,electricity,electric_resistance,63305.0,5.275416666666667,18.552862102456462,,,,,,ElectricResistance,Electricity,18552.866688888887,18.552866688888887,5.27542166680094,1.0,100.0 Percent,18.552866688888887,,,,,,,,1
29683,../load_profiles/cosimulation2/29683/up00/home.xml,HeatingSystem1,HeatingSystem,ElectricResistance,,electricity,electric_resistance,66184.0,5.515333333333333,19.396613622762477,,,,,,ElectricResistance,Electricity,19396.61841777778,19.39661841777778,5.515338560864916,1.0,100.0 Percent,19.39661841777778,,,,,,,,1
65773,../load_profiles/cosimulation2/65773/up00/home.xml,HeatingSystem1,HeatingSystem,ElectricResistance,,electricity,electric_resistance,69108.0,5.759,20.25355333980825,,,,,,ElectricResistance,Electricity,20253.55834666667,20.25355834666667,5.759005458483208,1.0,100.0 Percent,20.25355834666667,,,,,,,,1
208204,../load_profiles/cosimulation2/208204/up00/home.xml,HeatingSystem1,HeatingSystem,ElectricResistance,,electricity,electric_resistance,75515.0,6.292916666666667,22.13125948451149,,,,,,ElectricResistance,Electricity,22131.264955555554,22.131264955555555,6.29292263120564,1.0,100.0 Percent,22.131264955555555,,,,,,,,1
67451,../load_profiles/cosimulation2/67451/up00/home.xml,HeatPump1,HeatPump,air-to-air,single stage,electricity,heat_pump,4086.0,0.3405,1.1974882639702569,942.0,0.0785,0.2760729184189873,electricity,integrated,air-to-air,Electricity,1197.48856,1.19748856,0.34050032273199027,0.44313521512836046,7.7 HSPF,0.5306493506493506,276.0729866666667,0.2760729866666667,0.07850007440370407,1.0,0.2760729866666667,-17.777777777777743,4.444444444444457,1
94150,../load_profiles/cosimulation2/94150/up00/home.xml,HeatPump1,HeatPump,air-to-air,single stage,electricity,heat_pump,4614.0,0.3845,1.352229772383447,1601.0,0.13341666666666666,0.4692067328968138,electricity,integrated,air-to-air,Electricity,1352.2301066666666,1.3522301066666667,0.3845003644359773,0.44313521512836046,7.7 HSPF,0.5992207792207791,469.2068488888889,0.46920684888888886,0.13341679312136967,1.0,0.46920684888888886,-17.777777777777743,4.444444444444457,1
147304,../load_profiles/cosimulation2/147304/up00/home.xml,HeatPump1,HeatPump,air-to-air,single stage,electricity,heat_pump,5080.0,0.42333333333333334,1.488800876399634,1303.0,0.10858333333333334,0.3818715633757329,electricity,integrated,air-to-air,Electricity,1488.8012444444444,1.4888012444444443,0.4233337345762385,0.44313521512836046,7.7 HSPF,0.6597402597402596,381.8716577777778,0.38187165777777776,0.10858343625055883,1.0,0.38187165777777776,-17.777777777777743,4.444444444444457,1
182339,../load_profiles/cosimulation2/182339/up00/home.xml,HeatPump1,HeatPump,air-to-air,single stage,electricity,heat_pump,5117.0,0.42641666666666667,1.499644504830104,3261.0,0.27175,0.955704657074647,electricity,integrated,air-to-air,Electricity,1499.6448755555555,1.4996448755555554,0.4264170708320103,0.40142837135157367,8.5 HSPF,0.602,955.7048933333333,0.9557048933333333,0.2717502575695106,1.0,0.9557048933333333,-17.777777777777743,4.444444444444457,1
284686,../load_profiles/cosimulation2/284686/up00/home.xml,HeatPump1,HeatPump,air-to-air,single stage,electricity,heat_pump,5124.0,0.427,1.5016960021007333,2235.0,0.18625,0.6550137714081067,electricity,integrated,air-to-air,Electricity,1501.6963733333334,1.5016963733333335,0.42700040471823747,0.40142837135157367,8.5 HSPF,0.6028235294117648,655.0139333333334,0.6550139333333334,0.18625017653108134,1.0,0.6550139333333334,-17.777777777777743,4.444444444444457,1
108536,../load_profiles/cosimulation2/108536/up00/home.xml,HeatPump1,HeatPump,air-to-air,single stage,electricity,heat_pump,5136.0,0.428,1.5052128545646695,2469.0,0.20575,0.7235923944548616,electricity,integrated,air-to-air,Electricity,1505.2132266666667,1.5052132266666667,0.42800040566605535,0.44313521512836046,7.7 HSPF,0.667012987012987,723.5925733333333,0.7235925733333334,0.20575019501353012,1.0,0.7235925733333334,-17.777777777777743,4.444444444444457,1
123340,../load_profiles/cosimulation2/123340/up00/home.xml,HeatPump1,HeatPump,air-to-air,single stage,electricity,heat_pump,5425.0,0.45208333333333334,1.5899103847377982,1007.0,0.08391666666666667,0.2951225359319747,electricity,integrated,air-to-air,Electricity,1589.9107777777779,1.589910777777778,0.4520837618260028,0.5503453478207058,6.2 HSPF,0.875,295.1226088888889,0.2951226088888889,0.0839167462043843,1.0,0.2951226088888889,-17.777777777777743,4.444444444444457,1
80172,../load_profiles/cosimulation2/80172/up00/home.xml,HeatPump1,HeatPump,air-to-air,single stage,electricity,heat_pump,7298.0,0.6081666666666666,2.138832440150498,10690.0,0.8908333333333334,3.132929403289781,electricity,integrated,air-to-air,Electricity,2138.832968888889,2.138832968888889,0.6081672430979111,0.40142837135157367,8.5 HSPF,0.8585882352941177,3132.9301777777778,3.132930177777778,0.8908341776811004,1.0,3.132930177777778,-17.777777777777743,4.444444444444457,1
94349,../load_profiles/cosimulation2/94349/up00/home.xml,HeatPump1,HeatPump,air-to-air,single stage,electricity,heat_pump,7316.0,0.6096666666666667,2.144107718846402,2074.0,0.17283333333333334,0.6078293341836302,electricity,integrated,air-to-air,Electricity,2144.1082488888887,2.1441082488888887,0.6096672445196379,0.44313521512836046,7.7 HSPF,0.9501298701298699,607.8294844444445,0.6078294844444445,0.172833497147858,1.0,0.6078294844444445,-17.777777777777743,4.444444444444457,1
330257,../load_profiles/cosimulation2/330257/up00/home.xml,HeatPump1,HeatPump,air-to-air,single stage,electricity,heat_pump,7802.0,0.6501666666666667,2.286540243635816,6110.0,0.5091666666666667,1.7906640462208196,electricity,integrated,air-to-air,Electricity,2286.540808888889,2.2865408088888888,0.6501672829062625,0.40142837135157367,8.5 HSPF,0.9178823529411766,1790.6644888888889,1.790664488888889,0.5091671492639405,1.0,1.790664488888889,-17.777777777777743,4.444444444444457,1
372038,../load_profiles/cosimulation2/372038/up00/home.xml,HeatPump1,HeatPump,air-to-air,single stage,electricity,heat_pump,8371.0,0.6975833333333333,2.4532976646341216,7118.0,0.5931666666666666,2.086079653191456,electricity,integrated,air-to-air,Electricity,2453.2982711111113,2.453298271111111,0.6975839945152938,0.44313521512836046,7.7 HSPF,1.0871428571428572,2086.080168888889,2.086080168888889,0.593167228880643,1.0,2.086080168888889,-17.777777777777743,4.444444444444457,1
332728,../load_profiles/cosimulation2/332728/up00/home.xml,HeatPump1,HeatPump,air-to-air,single stage,electricity,heat_pump,8769.0,0.73075,2.569939938021337,7149.0,0.59575,2.0951648553899576,electricity,integrated,air-to-air,Electricity,2569.9405733333333,2.569940573333333,0.7307506926179204,0.44313521512836046,7.7 HSPF,1.1388311688311687,2095.1653733333333,2.0951653733333333,0.5957505646625058,1.0,2.0951653733333333,-17.777777777777743,4.444444444444457,1
58324,../load_profiles/cosimulation2/58324/up00/home.xml,HeatPump1,HeatPump,air-to-air,single stage,electricity,heat_pump,8807.0,0.7339166666666667,2.581076637490468,2074.0,0.17283333333333334,0.6078293341836302,electricity,integrated,air-to-air,Electricity,2581.0772755555554,2.5810772755555553,0.7339173622860103,0.40142837135157367,8.5 HSPF,1.0361176470588234,607.8294844444445,0.6078294844444445,0.172833497147858,1.0,0.6078294844444445,-17.777777777777743,4.444444444444457,1
149319,../load_profiles/cosimulation2/149319/up00/home.xml,HeatPump1,HeatPump,air-to-air,single stage,electricity,heat_pump,8929.0,0.7440833333333333,2.6168313042071523,7766.0,0.6471666666666667,2.2759896862440074,electricity,integrated,air-to-air,Electricity,2616.8319511111113,2.616831951111111,0.7440840385888257,0.40142837135157367,8.5 HSPF,1.050470588235294,2275.990248888889,2.275990248888889,0.6471672800628088,1.0,2.275990248888889,-17.777777777777743,4.444444444444457,1
36514,../load_profiles/cosimulation2/36514/up00/home.xml,HeatPump1,HeatPump,air-to-air,single stage,electricity,heat_pump,9905.0,0.8254166666666667,2.902868637940625,7756.0,0.6463333333333333,2.2730589758573942,electricity,integrated,air-to-air,Electricity,2902.8693555555556,2.9028693555555556,0.825417449011347,0.44313521512836046,7.7 HSPF,1.2863636363636362,2273.0595377777777,2.273059537777778,0.6463339459396271,1.0,2.273059537777778,-17.777777777777743,4.444444444444457,1
367833,../load_profiles/cosimulation2/367833/up00/home.xml,HeatPump1,HeatPump,air-to-air,single stage,electricity,heat_pump,10202.0,0.8501666666666666,2.989910736423045,10016.0,0.8346666666666667,2.9353995232320345,electricity,integrated,air-to-air,Electricity,2989.9114755555556,2.9899114755555556,0.8501674724698397,0.40142837135157367,8.5 HSPF,1.200235294117647,2935.400248888889,2.935400248888889,0.8346674577786625,1.0,2.935400248888889,-17.777777777777743,4.444444444444457,1
55326,../load_profiles/cosimulation2/55326/up00/home.xml,HeatPump1,HeatPump,air-to-air,single stage,electricity,heat_pump,10558.0,0.8798333333333334,3.0942440261864834,8268.0,0.689,2.4231113476520028,electricity,integrated,air-to-air,Electricity,3094.244791111111,3.094244791111111,0.8798341672551037,0.44313521512836046,7.7 HSPF,1.371168831168831,2423.111946666667,2.423111946666667,0.6890006530465237,1.0,2.423111946666667,-17.777777777777743,4.444444444444457,1
188195,../load_profiles/cosimulation2/188195/up00/home.xml,HeatPump1,HeatPump,air-to-air,single stage,electricity,heat_pump,10633.0,0.8860833333333333,3.1162243540860843,9623.0,0.8019166666666667,2.8202226050381256,electricity,integrated,air-to-air,Electricity,3116.2251244444446,3.1162251244444445,0.8860841731789655,0.44313521512836046,7.7 HSPF,1.3809090909090909,2820.223302222222,2.8202233022222223,0.8019174267376267,1.0,2.8202233022222223,-17.777777777777743,4.444444444444457,1
407827,../load_profiles/cosimulation2/407827/up00/home.xml,HeatPump1,HeatPump,air-to-air,single stage,electricity,heat_pump,10728.0,0.894,3.1440661027589125,7827.0,0.65225,2.2938670196023496,electricity,integrated,air-to-air,Electricity,3144.06688,3.14406688,0.8940008473491903,0.44313521512836046,7.7 HSPF,1.3932467532467532,2293.8675866666667,2.293867586666667,0.6522506182142164,1.0,2.293867586666667,-17.777777777777743,4.444444444444457,1
119280,../load_profiles/cosimulation2/119280/up00/home.xml,HeatPump1,HeatPump,air-to-air,single stage,electricity,heat_pump,11449.0,0.9540833333333333,3.355370321633742,11135.0,0.9279166666666666,3.2633460154940797,electricity,integrated,air-to-air,Electricity,3355.371151111111,3.355371151111111,0.9540842376305817,0.44313521512836046,7.7 HSPF,1.4868831168831167,3263.3468222222223,3.263346822222222,0.9279175461626803,1.0,3.263346822222222,-17.777777777777743,4.444444444444457,1
432167,../load_profiles/cosimulation2/432167/up00/home.xml,HeatPump1,HeatPump,air-to-air,single stage,electricity,heat_pump,12251.0,1.0209166666666667,3.590413294640141,12516.0,1.043,3.668077119885398,electricity,integrated,air-to-air,Electricity,3590.4141822222223,3.590414182222222,1.0209176343097437,0.40142837135157367,8.5 HSPF,1.441294117647059,3668.0780266666666,3.6680780266666666,1.0430009885740554,1.0,3.6680780266666666,-17.777777777777743,4.444444444444457,1
485752,../load_profiles/cosimulation2/485752/up00/home.xml,HeatPump1,HeatPump,air-to-air,single stage,electricity,heat_pump,12714.0,1.0595,3.726105185540344,10451.0,0.8709166666666667,3.0628854250497195,electricity,integrated,air-to-air,Electricity,3726.1061066666666,3.7261061066666668,1.0595010042130506,0.44313521512836046,7.7 HSPF,1.651168831168831,3062.8861822222225,3.0628861822222224,0.8709174921370609,1.0,3.0628861822222224,-17.777777777777743,4.444444444444457,1
153431,../load_profiles/cosimulation2/153431/up00/home.xml,HeatPump1,HeatPump,air-to-air,single stage,electricity,heat_pump,14343.0,1.19525,4.203517907519675,15935.0,1.3279166666666666,4.670087001068537,electricity,integrated,air-to-air,Electricity,4203.518946666667,4.203518946666667,1.1952511328793287,0.44313521512836046,7.7 HSPF,1.8627272727272728,4670.088155555555,4.670088155555555,1.3279179252898348,1.0,4.670088155555555,-17.777777777777743,4.444444444444457,1
73127,../load_profiles/cosimulation2/73127/up00/home.xml,HeatPump1,HeatPump,air-to-air,single stage,electricity,heat_pump,14449.0,1.2040833333333334,4.234583437617778,24760.0,2.0633333333333335,7.2564389172549095,electricity,integrated,air-to-air,Electricity,4234.584484444445,4.2345844844444445,1.2040844745850532,0.44313521512836046,7.7 HSPF,1.8764935064935064,7256.440711111111,7.256440711111112,2.063335288997572,1.0,7.256440711111112,-17.777777777777743,4.444444444444457,1
325288,../load_profiles/cosimulation2/325288/up00/home.xml,HeatPump1,HeatPump,air-to-air,single stage,electricity,heat_pump,14709.0,1.22575,4.310781907669728,22621.0,1.8850833333333334,6.6295599655582915,electricity,integrated,air-to-air,Electricity,4310.782973333334,4.310782973333334,1.2257511617877743,0.40142837135157367,8.5 HSPF,1.7304705882352944,6629.561604444444,6.6295616044444445,1.8850851200490337,1.0,6.6295616044444445,-17.777777777777743,4.444444444444457,1
150226,../load_profiles/cosimulation2/150226/up00/home.xml,HeatPump1,HeatPump,air-to-air,single stage,electricity,heat_pump,15008.0,1.2506666666666666,4.39841014822947,12263.0,1.0219166666666666,3.593930147104077,electricity,integrated,air-to-air,Electricity,4398.411235555555,4.398411235555555,1.2506678520709031,0.44313521512836046,7.7 HSPF,1.9490909090909088,3593.931035555556,3.593931035555556,1.0219176352575616,1.0,3.593931035555556,-17.777777777777743,4.444444444444457,1
77380,../load_profiles/cosimulation2/77380/up00/home.xml,HeatPump1,HeatPump,air-to-air,single stage,electricity,heat_pump,17810.0,1.4841666666666666,5.21959519855856,23499.0,1.95825,6.886876337502953,electricity,integrated,air-to-air,Electricity,5219.596488888889,5.2195964888888895,1.4841680733863798,0.5503453478207058,6.2 HSPF,2.8725806451612903,6886.8780400000005,6.886878040000001,1.958251856064376,1.0,6.886878040000001,-17.777777777777743,4.444444444444457,1
367816,../load_profiles/cosimulation2/367816/up00/home.xml,HeatPump1,HeatPump,air-to-air,single stage,electricity,heat_pump,17879.0,1.4899166666666666,5.239817100226192,19840.0,1.6533333333333333,5.814529407041091,electricity,integrated,air-to-air,Electricity,5239.818395555556,5.239818395555556,1.4899180788363326,0.44313521512836046,7.7 HSPF,2.3219480519480515,5814.5308444444445,5.814530844444445,1.6533349003922386,1.0,5.814530844444445,-17.777777777777743,4.444444444444457,1
456697,../load_profiles/cosimulation2/456697/up00/home.xml,HeatPump1,HeatPump,air-to-air,single stage,electricity,heat_pump,17998.0,1.4998333333333334,5.274692553826893,25528.0,2.1273333333333335,7.4815174749468225,electricity,integrated,air-to-air,Electricity,5274.693857777778,5.274693857777779,1.4998347549021933,0.40142837135157367,8.5 HSPF,2.1174117647058823,7481.5193244444445,7.481519324444444,2.127335349657917,1.0,7.481519324444444,-17.777777777777743,4.444444444444457,1
221832,../load_profiles/cosimulation2/221832/up00/home.xml,HeatPump1,HeatPump,air-to-air,single stage,electricity,heat_pump,18776.0,1.5646666666666667,5.502701821905419,20216.0,1.6846666666666668,5.924724117577757,electricity,integrated,air-to-air,Electricity,5502.7031822222225,5.5027031822222225,1.5646681496857195,0.40142837135157367,8.5 HSPF,2.208941176470588,5924.725582222222,5.924725582222222,1.6846682634238659,1.0,5.924725582222222,-17.777777777777743,4.444444444444457,1
500480,../load_profiles/cosimulation2/500480/up00/home.xml,HeatPump1,HeatPump,air-to-air,single stage,electricity,heat_pump,18832.0,1.5693333333333332,5.519113800070454,26883.0,2.24025,7.878628732332945,electricity,integrated,air-to-air,Electricity,5519.115164444444,5.519115164444444,1.5693348207755362,0.40142837135157367,8.5 HSPF,2.215529411764706,7878.63068,7.8786306800000006,2.24025212334902,1.0,7.8786306800000006,-17.777777777777743,4.444444444444457,1
369647,../load_profiles/cosimulation2/369647/up00/home.xml,HeatPump1,HeatPump,air-to-air,single stage,electricity,heat_pump,19434.0,1.6195,5.695542565344584,30931.0,2.577583333333333,9.06498029683407,electricity,integrated,air-to-air,Electricity,5695.543973333333,5.695543973333333,1.6195015349910669,0.44313521512836046,7.7 HSPF,2.5238961038961034,9064.982537777778,9.064982537777778,2.57758577641292,1.0,9.064982537777778,-17.777777777777743,4.444444444444457,1
329562,../load_profiles/cosimulation2/329562/up00/home.xml,HeatPump1,HeatPump,air-to-air,single stage,electricity,heat_pump,21316.0,1.7763333333333333,6.247102260105236,35164.0,2.9303333333333335,10.305550003487546,electricity,integrated,air-to-air,Electricity,6247.103804444445,6.2471038044444445,1.7763350169738388,0.44313521512836046,7.7 HSPF,2.7683116883116883,10305.552551111112,10.305552551111111,2.93033611075568,1.0,10.305552551111111,-17.777777777777743,4.444444444444457,1
265482,../load_profiles/cosimulation2/265482/up00/home.xml,HeatPump1,HeatPump,air-to-air,single stage,electricity,heat_pump,22147.0,1.8455833333333334,6.4906442932328146,38156.0,3.179666666666667,11.182418551162291,electricity,integrated,air-to-air,Electricity,6490.6458977777775,6.490645897777777,1.8455850826102271,0.40142837135157367,8.5 HSPF,2.6055294117647056,11182.421315555555,11.182421315555555,3.179669680411606,1.0,11.182421315555555,-17.777777777777743,4.444444444444457,1
38934,../load_profiles/cosimulation2/38934/up00/home.xml,HeatPump1,HeatPump,air-to-air,single stage,electricity,heat_pump,22685.0,1.8904166666666666,6.6483165120326175,22772.0,1.8976666666666666,6.673813692396155,electricity,integrated,air-to-air,Electricity,6648.318155555556,6.648318155555556,1.890418458437396,0.44313521512836046,7.7 HSPF,2.946103896103896,6673.815342222222,6.673815342222222,1.8976684653090756,1.0,6.673815342222222,-17.777777777777743,4.444444444444457,1
126241,../load_profiles/cosimulation2/126241/up00/home.xml,HeatPump1,HeatPump,air-to-air,single stage,electricity,heat_pump,23525.0,1.9604166666666667,6.894496184508148,43058.0,3.5881666666666665,12.619052782680205,electricity,integrated,air-to-air,Electricity,6894.497888888889,6.894497888888889,1.960418524784648,0.44313521512836046,7.7 HSPF,3.055194805194805,12619.055902222222,12.619055902222222,3.5881700675952124,1.0,12.619055902222222,-17.777777777777743,4.444444444444457,1
248481,../load_profiles/cosimulation2/248481/up00/home.xml,HeatPump1,HeatPump,air-to-air,single stage,electricity,heat_pump,23819.0,1.9849166666666667,6.980659069874584,37393.0,3.1160833333333335,10.958805348663684,electricity,integrated,air-to-air,Electricity,6980.6607955555555,6.980660795555556,1.9849185480061862,0.44313521512836046,7.7 HSPF,3.093376623376623,10958.808057777778,10.958808057777778,3.116086286812852,1.0,10.958808057777778,-17.777777777777743,4.444444444444457,1
435014,../load_profiles/cosimulation2/435014/up00/home.xml,HeatPump1,HeatPump,air-to-air,single stage,electricity,heat_pump,24267.0,2.02225,7.111954895194867,26495.0,2.2079166666666667,7.764917169332343,electricity,integrated,air-to-air,Electricity,7111.956653333334,7.111956653333333,2.022251916724721,0.44313521512836046,7.7 HSPF,3.1515584415584414,7764.919088888889,7.764919088888889,2.2079187593695746,1.0,7.764919088888889,-17.777777777777743,4.444444444444457,1
510867,../load_profiles/cosimulation2/510867/up00/home.xml,HeatPump1,HeatPump,air-to-air,single stage,electricity,heat_pump,24284.0,2.0236666666666667,7.116937102852109,26567.0,2.2139166666666665,7.78601828411596,electricity,integrated,air-to-air,Electricity,7116.938862222222,7.116938862222222,2.0236685847341294,0.44313521512836046,7.7 HSPF,3.153766233766233,7786.020208888889,7.786020208888889,2.213918765056482,1.0,7.786020208888889,-17.777777777777743,4.444444444444457,1
11279,../load_profiles/cosimulation2/11279/up00/home.xml,HeatPump1,HeatPump,air-to-air,single stage,electricity,heat_pump,24560.0,2.046666666666667,7.19782470952264,37849.0,3.1540833333333333,11.092445742293258,electricity,integrated,air-to-air,Electricity,7197.826488888889,7.1978264888888885,2.046668606533941,0.5503453478207058,6.2 HSPF,3.961290322580645,11092.448484444445,11.092448484444445,3.1540863228299316,1.0,11.092448484444445,-17.777777777777743,4.444444444444457,1
498443,../load_profiles/cosimulation2/498443/up00/home.xml,HeatPump1,HeatPump,air-to-air,single stage,electricity,heat_pump,25614.0,2.1345,7.506721584271698,23418.0,1.9515,6.863137583371384,electricity,integrated,air-to-air,Electricity,7506.72344,7.50672344,2.134502023117278,0.40142837135157367,8.5 HSPF,3.0134117647058822,6863.13928,6.86313928,1.9515018496666052,1.0,6.86313928,-17.777777777777743,4.444444444444457,1
426134,../load_profiles/cosimulation2/426134/up00/home.xml,HeatPump1,HeatPump,air-to-air,single stage,electricity,heat_pump,27146.0,2.262166666666667,7.955706415500879,42183.0,3.51525,12.362615623851529,electricity,integrated,air-to-air,Electricity,7955.708382222222,7.955708382222222,2.2621688107886953,0.44313521512836046,7.7 HSPF,3.525454545454545,12362.61868,12.362618679999999,3.5152533318168246,1.0,12.362618679999999,-17.777777777777743,4.444444444444457,1
316232,../load_profiles/cosimulation2/316232/up00/home.xml,HeatPump1,HeatPump,air-to-air,single stage,electricity,heat_pump,27516.0,2.293,8.064142699805577,43519.0,3.6265833333333335,12.754158531503085,electricity,integrated,air-to-air,Electricity,8064.144693333334,8.064144693333335,2.293002173346413,0.5503453478207058,6.2 HSPF,4.438064516129033,12754.161684444445,12.754161684444446,3.626586770673883,1.0,12.754161684444446,-17.777777777777743,4.444444444444457,1
458982,../load_profiles/cosimulation2/458982/up00/home.xml,HeatPump1,HeatPump,air-to-air,single stage,electricity,heat_pump,28283.0,2.3569166666666668,8.28892818645883,38313.0,3.19275,11.228430704232123,electricity,integrated,air-to-air,Electricity,8288.930235555556,8.288930235555556,2.3569189005944398,0.40142837135157367,8.5 HSPF,3.3274117647058823,11228.43348,11.22843348,3.1927530261455566,1.0,11.22843348,-17.777777777777743,4.444444444444457,1
94022,../load_profiles/cosimulation2/94022/up00/home.xml,HeatPump1,HeatPump,air-to-air,single stage,electricity,heat_pump,29751.0,2.47925,8.719156471213683,50123.0,4.176916666666667,14.68959967082261,electricity,integrated,air-to-air,Electricity,8719.158626666667,8.719158626666667,2.4792523498774948,0.40142837135157367,8.5 HSPF,3.5001176470588238,14689.603302222222,14.689603302222222,4.1769206256229925,1.0,14.689603302222222,-17.777777777777743,4.444444444444457,1
193969,../load_profiles/cosimulation2/193969/up00/home.xml,HeatPump1,HeatPump,air-to-air,single stage,electricity,heat_pump,29893.0,2.4910833333333335,8.760772558703595,50465.0,4.205416666666666,14.78982996604479,electricity,integrated,air-to-air,Electricity,8760.774724444445,8.760774724444445,2.491085694426673,0.40142837135157367,8.5 HSPF,3.516823529411765,14789.833622222222,14.789833622222222,4.2054206526358024,1.0,14.789833622222222,-17.777777777777743,4.444444444444457,1
340695,../load_profiles/cosimulation2/340695/up00/home.xml,HeatPump1,HeatPump,air-to-air,single stage,electricity,heat_pump,30246.0,2.5205,8.86422663535105,39413.0,3.2844166666666665,11.550808846759603,electricity,integrated,air-to-air,Electricity,8864.228826666667,8.864228826666668,2.5205023889749825,0.40142837135157367,8.5 HSPF,3.558352941176471,11550.811702222223,11.550811702222223,3.2844197796955297,1.0,11.550811702222223,-17.777777777777743,4.444444444444457,1
413564,../load_profiles/cosimulation2/413564/up00/home.xml,HeatPump1,HeatPump,air-to-air,single stage,electricity,heat_pump,30946.0,2.5788333333333333,9.069376362413992,41206.0,3.4338333333333333,12.076285219079395,electricity,integrated,air-to-air,Electricity,9069.378604444444,9.069378604444443,2.5788357775976922,0.44313521512836046,7.7 HSPF,4.018961038961039,12076.288204444445,12.076288204444445,3.433836587981985,1.0,12.076288204444445,-17.777777777777743,4.444444444444457,1
255287,../load_profiles/cosimulation2/255287/up00/home.xml,HeatPump1,HeatPump,air-to-air,single stage,electricity,heat_pump,31090.0,2.5908333333333333,9.111578591981225,49362.0,4.1135,14.466572610401327,electricity,integrated,air-to-air,Electricity,9111.580844444445,9.111580844444445,2.590835788971507,0.44313521512836046,7.7 HSPF,4.037662337662337,14466.576186666667,14.466576186666668,4.113503898848875,1.0,14.466576186666668,-17.777777777777743,4.444444444444457,1
280446,../load_profiles/cosimulation2/280446/up00/home.xml,HeatPump1,HeatPump,air-to-air,single stage,electricity,heat_pump,32143.0,2.6785833333333335,9.420182395691622,49681.0,4.140083333333333,14.560062271734296,electricity,integrated,air-to-air,Electricity,9420.184724444445,9.420184724444445,2.6785858721425266,0.44313521512836046,7.7 HSPF,4.174415584415584,14560.065871111112,14.560065871111112,4.140087257378368,1.0,14.560065871111112,-17.777777777777743,4.444444444444457,1
338677,../load_profiles/cosimulation2/338677/up00/home.xml,HeatPump1,HeatPump,air-to-air,single stage,electricity,heat_pump,34965.0,2.91375,10.247228866793938,42699.0,3.55825,12.513840279800784,electricity,integrated,air-to-air,Electricity,10247.2314,10.2472314,2.9137527617043664,0.5503453478207058,6.2 HSPF,5.639516129032257,12513.843373333333,12.513843373333334,3.558253372572994,1.0,12.513843373333334,-17.777777777777743,4.444444444444457,1
190151,../load_profiles/cosimulation2/190151/up00/home.xml,HeatPump1,HeatPump,air-to-air,single stage,electricity,heat_pump,36457.0,3.0380833333333332,10.684490856476666,59975.0,4.997916666666667,17.576935543714185,electricity,integrated,air-to-air,Electricity,10684.493497777778,10.684493497777778,3.038086212883057,0.40142837135157367,8.5 HSPF,4.289058823529412,17576.93988888889,17.57693988888889,4.997921403781477,1.0,17.57693988888889,-17.777777777777743,4.444444444444457,1
29332,../load_profiles/cosimulation2/29332/up00/home.xml,HeatPump1,HeatPump,air-to-air,single stage,electricity,heat_pump,37893.0,3.15775,11.105340867994357,44273.0,3.689416666666667,12.97513409465374,electricity,integrated,air-to-air,Electricity,11105.343613333334,11.105343613333334,3.157752992971931,0.40142837135157367,8.5 HSPF,4.458000000000001,12975.137302222223,12.975137302222223,3.6894201635617736,1.0,12.975137302222223,-17.777777777777743,4.444444444444457,1
405004,../load_profiles/cosimulation2/405004/up00/home.xml,HeatPump1,HeatPump,air-to-air,single stage,electricity,heat_pump,39541.0,3.2950833333333334,11.588321939708255,67228.0,5.602333333333333,19.70257978712492,electricity,integrated,air-to-air,Electricity,11588.324804444444,11.588324804444444,3.2950864564722533,0.40142837135157367,8.5 HSPF,4.651882352941176,19702.584657777777,19.702584657777777,5.602338643325072,1.0,19.702584657777777,-17.777777777777743,4.444444444444457,1
48199,../load_profiles/cosimulation2/48199/up00/home.xml,HeatPump1,HeatPump,air-to-air,single stage,electricity,heat_pump,40330.0,3.3608333333333333,11.819554989212056,53883.0,4.49025,15.791546776189268,electricity,integrated,air-to-air,Electricity,11819.557911111111,11.819557911111112,3.3608365187912796,0.44313521512836046,7.7 HSPF,5.237662337662337,15791.55068,15.79155068,4.490254255939264,1.0,15.79155068,-17.777777777777743,4.444444444444457,1
187377,../load_profiles/cosimulation2/187377/up00/home.xml,HeatPump1,HeatPump,air-to-air,single stage,electricity,heat_pump,42127.0,3.5105833333333334,12.346203645686494,61548.0,5.129,18.03793628752848,electricity,integrated,air-to-air,Electricity,12346.206697777778,12.346206697777777,3.5105866607270078,0.44313521512836046,7.7 HSPF,5.4710389610389605,18037.940746666667,18.037940746666667,5.129004861357939,1.0,18.037940746666667,-17.777777777777743,4.444444444444457,1
158036,../load_profiles/cosimulation2/158036/up00/home.xml,HeatPump1,HeatPump,air-to-air,single stage,electricity,heat_pump,42610.0,3.5508333333333333,12.487756957359922,62041.0,5.170083333333333,18.182420309588522,electricity,integrated,air-to-air,Electricity,12487.760044444445,12.487760044444444,3.550836698876678,0.44313521512836046,7.7 HSPF,5.533766233766233,18182.424804444443,18.182424804444445,5.17008823363079,1.0,18.182424804444445,-17.777777777777743,4.444444444444457,1
234402,../load_profiles/cosimulation2/234402/up00/home.xml,HeatPump1,HeatPump,air-to-air,single stage,electricity,heat_pump,42884.0,3.5736666666666665,12.56805842195313,62500.0,5.208333333333333,18.316939916334082,electricity,integrated,air-to-air,Electricity,12568.06152888889,12.56806152888889,3.573670053851853,0.44313521512836046,7.7 HSPF,5.56935064935065,18316.944444444445,18.316944444444445,5.208338269884825,1.0,18.316944444444445,-17.777777777777743,4.444444444444457,1
229864,../load_profiles/cosimulation2/229864/up00/home.xml,HeatPump1,HeatPump,air-to-air,single stage,electricity,heat_pump,45322.0,3.7768333333333333,13.282565614209492,69240.0,5.77,20.292238716911548,electricity,integrated,air-to-air,Electricity,13282.568897777777,13.282568897777777,3.77683691308352,0.44313521512836046,7.7 HSPF,5.885974025974025,20292.243733333333,20.292243733333333,5.770005468909204,1.0,20.292243733333333,-17.777777777777743,4.444444444444457,1
176573,../load_profiles/cosimulation2/176573/up00/home.xml,HeatPump1,HeatPump,air-to-air,single stage,electricity,heat_pump,47469.0,3.95575,13.9117891342154,84481.0,7.0400833333333335,24.758934417149113,electricity,integrated,air-to-air,Electricity,13911.792573333334,13.911792573333335,3.955753749330604,0.5503453478207058,6.2 HSPF,7.656290322580645,24758.940537777777,24.758940537777775,7.040090006050237,1.0,24.758940537777775,-17.777777777777743,4.444444444444457,1
125249,../load_profiles/cosimulation2/125249/up00/home.xml,HeatPump1,HeatPump,air-to-air,single stage,electricity,heat_pump,48739.0,4.061583333333333,14.283989353315308,87989.0,7.332416666666667,25.78702762077311,electricity,integrated,air-to-air,Electricity,14283.992884444444,14.283992884444444,4.061587182974663,0.40142837135157367,8.5 HSPF,5.734,25787.033995555557,25.787033995555557,7.332423616462334,1.0,25.787033995555557,-17.777777777777743,4.444444444444457,1
972,../load_profiles/cosimulation2/972/up00/home.xml,HeatPump1,HeatPump,air-to-air,single stage,electricity,heat_pump,56036.0,4.669666666666667,16.422528722427145,85014.0,7.0845,24.91514128075561,electricity,integrated,air-to-air,Electricity,16422.53278222222,16.42253278222222,4.669671092660256,0.5503453478207058,6.2 HSPF,9.03806451612903,24915.14744,24.915147440000002,7.084506714815816,1.0,24.915147440000002,-17.777777777777743,4.444444444444457,1
529427,../load_profiles/cosimulation2/529427/up00/home.xml,HeatPump1,HeatPump,air-to-air,single stage,electricity,heat_pump,65477.0,5.456416666666667,19.189412398428907,80751.0,6.72925,23.665779442942295,electricity,integrated,air-to-air,Electricity,19189.41714222222,19.189417142222222,5.456421838355978,0.40142837135157367,8.5 HSPF,7.703176470588235,23665.785293333334,23.665785293333336,6.7292563781035115,1.0,23.665785293333336,-17.777777777777743,4.444444444444457,1
409590,../load_profiles/cosimulation2/409590/up00/home.xml,HeatPump1,HeatPump,air-to-air,single stage,electricity,heat_pump,67910.0,5.659166666666667,19.90245423549196,106815.0,8.90125,31.304382994611597,electricity,integrated,air-to-air,Electricity,19902.459155555556,19.902459155555555,5.659172030526055,0.44313521512836046,7.7 HSPF,8.81948051948052,31304.390733333334,31.304390733333335,8.90125843676396,1.0,31.304390733333335,-17.777777777777743,4.444444444444457,1
202642,../load_profiles/cosimulation2/202642/up00/home.xml,HeatPump1,HeatPump,mini-split,variable speed,electricity,heat_pump,5592.0,0.466,1.6388532481942428,1972.0,0.16433333333333333,0.577936088240173,electricity,integrated,mini-split,Electricity,1638.8536533333333,1.6388536533333333,0.46600044168313504,0.4161147751815093,8.2 HSPF,0.6819512195121952,577.9362311111112,0.5779362311111111,0.164333489091406,1.0,0.5779362311111111,-28.888888888888857,4.444444444444457,1
58301,../load_profiles/cosimulation2/58301/up00/home.xml,HeatPump1,HeatPump,mini-split,variable speed,electricity,heat_pump,7149.0,0.59575,2.0951648553899576,1599.0,0.13325,0.46862059081949115,electricity,integrated,mini-split,Electricity,2095.1653733333333,2.0951653733333333,0.5957505646625058,0.4161147751815093,8.2 HSPF,0.8718292682926829,468.62070666666665,0.46862070666666666,0.13325012629673336,1.0,0.46862070666666666,-28.888888888888857,4.444444444444457,1
436094,../load_profiles/cosimulation2/436094/up00/home.xml,HeatPump1,HeatPump,mini-split,variable speed,electricity,heat_pump,8087.0,0.6739166666666667,2.370065489654299,6043.0,0.5035833333333334,1.7710282866305096,electricity,integrated,mini-split,Electricity,2370.0660755555555,2.3700660755555556,0.6739173054169372,0.4161147751815093,8.2 HSPF,0.9862195121951219,1771.0287244444444,1.7710287244444445,0.5035838106386239,1.0,1.7710287244444445,-28.888888888888857,4.444444444444457,1
150109,../load_profiles/cosimulation2/150109/up00/home.xml,HeatPump1,HeatPump,mini-split,variable speed,electricity,heat_pump,8768.0,0.7306666666666667,2.5696468669826755,5596.0,0.4663333333333333,1.6400255323488884,electricity,integrated,mini-split,Electricity,2569.647502222222,2.5696475022222223,0.7306673592056022,0.4161147751815093,8.2 HSPF,1.069268292682927,1640.0259377777777,1.6400259377777777,0.4663337753324076,1.0,1.6400259377777777,-28.888888888888857,4.444444444444457,1
234867,../load_profiles/cosimulation2/234867/up00/home.xml,HeatPump1,HeatPump,mini-split,variable speed,electricity,heat_pump,9098.0,0.7581666666666667,2.6663603097409196,11282.0,0.9401666666666667,3.3064274581772977,electricity,integrated,mini-split,Electricity,2666.360968888889,2.666360968888889,0.7581673852705942,0.4161147751815093,8.2 HSPF,1.1095121951219515,3306.4282755555555,3.3064282755555556,0.9401675577734494,1.0,3.3064282755555556,-28.888888888888857,4.444444444444457,1
474667,../load_profiles/cosimulation2/474667/up00/home.xml,HeatPump1,HeatPump,mini-split,variable speed,electricity,heat_pump,9229.0,0.7690833333333333,2.704752615805556,4189.0,0.34908333333333336,1.2276745809523755,electricity,integrated,mini-split,Electricity,2704.7532844444445,2.7047532844444446,0.7690840622842727,0.4161147751815093,8.2 HSPF,1.1254878048780488,1227.6748844444444,1.2276748844444443,0.3490836642007605,1.0,1.2276748844444443,-28.888888888888857,4.444444444444457,1
210937,../load_profiles/cosimulation2/210937/up00/home.xml,HeatPump1,HeatPump,mini-split,variable speed,electricity,heat_pump,15531.0,1.29425,4.551686301449354,19174.0,1.5978333333333334,5.619344095292635,electricity,integrated,mini-split,Electricity,4551.687426666666,4.551687426666667,1.2942512267132993,0.4161147751815093,8.2 HSPF,1.8940243902439025,5619.345484444444,5.619345484444444,1.597834847788346,1.0,5.619345484444444,-28.888888888888857,4.444444444444457,1
176496,../load_profiles/cosimulation2/176496/up00/home.xml,HeatPump1,HeatPump,mini-split,variable speed,electricity,heat_pump,15942.0,1.3285,4.672138498339167,13045.0,1.0870833333333334,3.8231116993372494,electricity,integrated,mini-split,Electricity,4672.139653333334,4.672139653333334,1.328501259176062,0.4161147751815093,8.2 HSPF,1.944146341463415,3823.1126444444444,3.8231126444444445,1.0870843636903607,1.0,3.8231126444444445,-28.888888888888857,4.444444444444457,1
220771,../load_profiles/cosimulation2/220771/up00/home.xml,HeatPump1,HeatPump,mini-split,variable speed,electricity,heat_pump,18515.0,1.5429166666666667,5.426210280814808,20481.0,1.70675,6.002387942823013,electricity,integrated,mini-split,Electricity,5426.211622222222,5.4262116222222225,1.5429181290706804,0.4161147751815093,8.2 HSPF,2.2579268292682926,6002.389426666667,6.002389426666666,1.7067516176881774,1.0,6.002389426666666,-28.888888888888857,4.444444444444457,1
428640,../load_profiles/cosimulation2/428640/up00/home.xml,HeatPump1,HeatPump,mini-split,variable speed,electricity,heat_pump,19134.0,1.5945,5.6076212537461805,27906.0,2.3255,8.178440404883501,electricity,integrated,mini-split,Electricity,5607.6226400000005,5.607622640000001,1.5945015112956198,0.4161147751815093,8.2 HSPF,2.333414634146342,8178.4424266666665,8.178442426666667,2.3255022041504945,1.0,8.178442426666667,-28.888888888888857,4.444444444444457,1
381647,../load_profiles/cosimulation2/381647/up00/home.xml,HeatPump1,HeatPump,mini-split,variable speed,electricity,heat_pump,19440.0,1.62,5.697300991576553,17840.0,1.4866666666666666,5.2283873297184,electricity,integrated,mini-split,Electricity,5697.3024000000005,5.697302400000001,1.620001535464976,0.4161147751815093,8.2 HSPF,2.3707317073170735,5228.388622222223,5.228388622222223,1.4866680757559245,1.0,5.228388622222223,-28.888888888888857,4.444444444444457,1
451658,../load_profiles/cosimulation2/451658/up00/home.xml,HeatPump1,HeatPump,mini-split,variable speed,electricity,heat_pump,22357.0,1.8630833333333334,6.552189211351696,25165.0,2.0970833333333334,7.375132687912754,electricity,integrated,mini-split,Electricity,6552.190831111111,6.552190831111111,1.8630850991970402,0.4161147751815093,8.2 HSPF,2.7264634146341464,7375.134511111111,7.375134511111112,2.0970853209864257,1.0,7.375134511111112,-28.888888888888857,4.444444444444457,1
26810,../load_profiles/cosimulation2/26810/up00/home.xml,HeatPump1,HeatPump,mini-split,variable speed,electricity,heat_pump,23415.0,1.95125,6.8622583702554,27587.0,2.2989166666666665,8.084950743550532,electricity,integrated,mini-split,Electricity,6862.260066666667,6.862260066666667,1.9512518494296507,0.4161147751815093,8.2 HSPF,2.855487804878049,8084.952742222223,8.084952742222223,2.2989188456210026,1.0,8.084952742222223,-28.888888888888857,4.444444444444457,1
206973,../load_profiles/cosimulation2/206973/up00/home.xml,HeatPump1,HeatPump,mini-split,variable speed,electricity,heat_pump,25156.0,2.0963333333333334,7.372495048564802,36096.0,3.008,10.57869221151992,electricity,integrated,mini-split,Electricity,7372.496871111111,7.372496871111111,2.0963353202755624,0.4161147751815093,8.2 HSPF,3.0678048780487805,10578.694826666668,10.578694826666668,3.0080028510362022,1.0,10.578694826666668,-28.888888888888857,4.444444444444457,1
444224,../load_profiles/cosimulation2/444224/up00/home.xml,HeatPump1,HeatPump,mini-split,variable speed,electricity,heat_pump,27276.0,2.273,7.993805650526855,36895.0,3.0745833333333334,10.812855971410334,electricity,integrated,mini-split,Electricity,7993.807626666667,7.993807626666666,2.2730021543900554,0.4161147751815093,8.2 HSPF,3.3263414634146344,10812.858644444445,10.812858644444445,3.07458624747841,1.0,10.812858644444445,-28.888888888888857,4.444444444444457,1
324282,../load_profiles/cosimulation2/324282/up00/home.xml,HeatPump1,HeatPump,mini-split,variable speed,electricity,heat_pump,28738.0,2.394833333333333,8.422275509049742,41841.0,3.48675,12.262385328629348,electricity,integrated,mini-split,Electricity,8422.277591111111,8.422277591111111,2.3948356031992013,0.4161147751815093,8.2 HSPF,3.5046341463414636,12262.38836,12.262388360000001,3.486753304804015,1.0,12.262388360000001,-28.888888888888857,4.444444444444457,1
45575,../load_profiles/cosimulation2/45575/up00/home.xml,HeatPump1,HeatPump,mini-split,variable speed,electricity,heat_pump,32453.0,2.7044166666666665,9.511034417676639,34909.0,2.9090833333333332,10.230816888628903,electricity,integrated,mini-split,Electricity,9511.03676888889,9.51103676888889,2.7044192299611556,0.4161147751815093,8.2 HSPF,3.9576829268292686,10230.819417777779,10.230819417777779,2.9090860906145495,1.0,10.230819417777779,-28.888888888888857,4.444444444444457,1
69185,../load_profiles/cosimulation2/69185/up00/home.xml,HeatPump1,HeatPump,mini-split,variable speed,electricity,heat_pump,51326.0,4.277166666666667,15.042164130332209,80553.0,6.71275,23.607751377287347,electricity,integrated,mini-split,Electricity,15042.167848888888,15.042167848888889,4.2771707206417355,0.4161147751815093,8.2 HSPF,6.259268292682927,23607.757213333334,23.607757213333333,6.712756362464517,1.0,23.607757213333333,-28.888888888888857,4.444444444444457,1
488770,../load_profiles/cosimulation2/488770/up00/home.xml,HeatPump1,HeatPump,mini-split,variable speed,electricity,heat_pump,53534.0,4.461166666666666,15.689264983696459,86311.0,7.192583333333333,25.295254417899372,electricity,integrated,mini-split,Electricity,15689.268862222223,15.689268862222223,4.461170895040227,0.4161147751815093,8.2 HSPF,6.528536585365855,25295.26067111111,25.295260671111112,7.192590150592466,1.0,25.295260671111112,-28.888888888888857,4.444444444444457,1
52452,../load_profiles/cosimulation2/52452/up00/home.xml,HeatPump1,HeatPump,mini-split,variable speed,electricity,heat_pump,58118.0,4.843166666666667,17.032702624920066,89579.0,7.464916666666666,26.25301057224465,electricity,integrated,mini-split,Electricity,17032.706835555557,17.032706835555558,4.84317125710666,0.4161147751815093,8.2 HSPF,7.087560975609757,26253.01706222222,26.25301706222222,7.464923742048203,1.0,26.25301706222222,-28.888888888888857,4.444444444444457,1
